{"settings":{"licence":"none","manualScreenshot":true},"ops":[{"opId":"b0472a1d-db16-4ba6-8787-f300fbdc77bb","id":"106dfbv77","uiAttribs":{"history":{"createdAt":1707997240248,"createdBy":{"name":"vihanpereraux"},"lastInteractionAt":1708174019604,"lastInteractionBy":{"name":"vihanpereraux"}},"translate":{"x":-216,"y":-420},"extendTitle":""},"portsIn":[{"name":"FPS Limit","value":0},{"name":"Reduce FPS not focussed","value":true},{"name":"Reduce FPS loading","value":false},{"name":"Clear","value":true},{"name":"ClearAlpha","value":true},{"name":"Fullscreen Button","value":false},{"name":"Active","value":true},{"name":"Hires Displays","value":false},{"name":"Pixel Unit index","value":0},{"name":"Pixel Unit","value":"Display"}],"portsOut":[{"name":"trigger","links":[{"portIn":"render","portOut":"trigger","objIn":"wuaocodyj","objOut":"106dfbv77"}]},{"name":"width","value":609},{"name":"height","value":450}]},{"opId":"a466bc1f-06e9-4595-8849-bffb9fe22f99","id":"ha7l5iyys","uiAttribs":{"history":{"createdAt":1707997247211,"createdBy":{"name":"vihanpereraux"},"lastInteractionAt":1707997247211,"lastInteractionBy":{"name":"vihanpereraux"}},"translate":{"x":-216,"y":-120}},"portsOut":[{"name":"trigger 0","links":[{"portIn":"render","portOut":"trigger 0","objIn":"crwj24535","objOut":"ha7l5iyys"},{"portIn":"Update","portOut":"trigger 0","objIn":"5jvvbh7k4","objOut":"ha7l5iyys"},{"portIn":"Update","portOut":"trigger 0","objIn":"y1uqigro9","objOut":"ha7l5iyys"}]},{"name":"trigger 1","links":[{"portIn":"Render","portOut":"trigger 1","objIn":"sjzx61tpp","objOut":"ha7l5iyys"},{"portIn":"Render","portOut":"trigger 1","objIn":"hea8bj8e1","objOut":"ha7l5iyys"},{"portIn":"Render","portOut":"trigger 1","objIn":"mh3pzfutd","objOut":"ha7l5iyys"}]},{"name":"trigger 2","links":[{"portIn":"exe","portOut":"trigger 2","objIn":"1fj6srzot","objOut":"ha7l5iyys"}]},{"name":"trigger 3","links":[{"portIn":"Render","portOut":"trigger 3","objIn":"uvk4noyhm","objOut":"ha7l5iyys"}]},{"name":"trigger 4","links":[{"portIn":"Update","portOut":"trigger 4","objIn":"b2xd4qixh","objOut":"ha7l5iyys"}]},{"name":"trigger 5","links":[{"portIn":"Update","portOut":"trigger 5","objIn":"t2ah0tzqk","objOut":"ha7l5iyys"}]},{"name":"trigger 7","links":[{"portIn":"exe","portOut":"trigger 7","objIn":"0hms5gu3u","objOut":"ha7l5iyys"}]},{"name":"trigger 8","links":[{"portIn":"Update","portOut":"trigger 8","objIn":"4tcq7p64k","objOut":"ha7l5iyys"}]},{"name":"trigger 11","links":[{"portIn":"render","portOut":"trigger 11","objIn":"woxxyldif","objOut":"ha7l5iyys"}]},{"name":"trigger 12","links":[{"portIn":"Render","portOut":"trigger 12","objIn":"4g44bsh2w","objOut":"ha7l5iyys"}]},{"name":"trigger 13","links":[{"portIn":"Render","portOut":"trigger 13","objIn":"w72bk7ghw","objOut":"ha7l5iyys"}]},{"name":"trigger 15","links":[{"portIn":"Render","portOut":"trigger 15","objIn":"3l969nqg4","objOut":"ha7l5iyys"}]}]},{"opId":"cc8c3ede-7103-410b-849f-a645793cab39","id":"vuqkxnvh9","uiAttribs":{"history":{"createdAt":1707997265809,"createdBy":{"name":"vihanpereraux"},"lastInteractionAt":1708261232690,"lastInteractionBy":{"name":"vihanpereraux"}},"translate":{"x":-468,"y":1040}},"portsIn":[{"name":"render","title":"Trigger"},{"name":"Render Mesh","value":true,"title":"Render"},{"name":"width","value":11},{"name":"height","value":9},{"name":"pivot x index","value":1},{"name":"pivot x","value":"center"},{"name":"pivot y index","value":1},{"name":"pivot y","value":"center"},{"name":"axis index","value":0},{"name":"axis","value":"xy"},{"name":"Flip TexCoord X","value":false},{"name":"Flip TexCoord Y","value":true},{"name":"num columns","value":500},{"name":"num rows","value":500}]},{"opId":"0d83ed06-cdbe-4fe0-87bb-0ccece7fb6e1","id":"74eelyqb4","uiAttribs":{"history":{"createdAt":1707997274638,"createdBy":{"name":"vihanpereraux"},"lastInteractionAt":1708260418548,"lastInteractionBy":{"name":"vihanpereraux"}},"translate":{"x":-468,"y":880}},"portsIn":[{"name":"R","value":0},{"name":"G","value":0},{"name":"B","value":0},{"name":"A","value":1},{"name":"Enable","value":false},{"name":"Albedo","value":0.707},{"name":"Roughness","value":0.835},{"name":"Active","value":true},{"name":"Fresnel Intensity","value":1},{"name":"Fresnel Width","value":1},{"name":"Fresnel Exponent","value":6},{"name":"Fresnel R","value":0.21960784313725495},{"name":"Fresnel G","value":0.734626225490196},{"name":"Fresnel B","value":0.996078431372549},{"name":"Emissive Active","value":true},{"name":"Color Intensity","value":0.3},{"name":"Emissive R","value":0},{"name":"Emissive G","value":0},{"name":"Emissive B","value":0},{"name":"Shininess","value":100},{"name":"Specular Amount","value":0.5},{"name":"Specular Model index","value":0},{"name":"Specular Model","value":"Blinn"},{"name":"Energy Conservation","value":true},{"name":"Double Sided Material","value":false},{"name":"Falloff Mode index","value":0},{"name":"Falloff Mode","value":"A"},{"name":"Colorize Texture","value":false},{"name":"Diffuse Repeat X","value":2},{"name":"Diffuse Repeat Y","value":2},{"name":"Texture Offset Y","value":1},{"name":"Specular Intensity","value":1},{"name":"Normal Map Intensity","value":1},{"name":"AO Intensity","value":1},{"name":"AO UV Channel index","value":0},{"name":"AO UV Channel","value":1},{"name":"Emissive Intensity","value":1},{"name":"Emissive Mask Intensity","value":1},{"name":"Env Map Intensity","value":1},{"name":"Env Map Blend index","value":0},{"name":"Env Map Blend","value":"Add"},{"name":"Env Mask Intensity","value":1},{"name":"Alpha Mask Source index","value":0},{"name":"Alpha Mask Source","value":"Luminance"},{"name":"Discard Transparent Pixels","value":false}],"portsOut":[{"name":"Trigger Out","links":[{"portIn":"Render","portOut":"Trigger Out","objIn":"czjsakczr","objOut":"74eelyqb4"}]}]},{"opId":"54e5d3f5-e3f4-4381-990d-d5e32b9a2d39","id":"01ksjc7se","uiAttribs":{"history":{"createdAt":1707997280829,"createdBy":{"name":"vihanpereraux"},"lastInteractionAt":1708260822693,"lastInteractionBy":{"name":"vihanpereraux"}},"translate":{"x":-468,"y":820}},"portsIn":[{"name":"Cast Light","value":true},{"name":"Intensity","value":3.12},{"name":"Radius","value":15.32},{"name":"Y","value":0.1},{"name":"Z","value":1.5},{"name":"R","value":0},{"name":"G","value":0.4125568277994794},{"name":"B","value":0.5457552083333334},{"name":"Specular R","value":0.5752604166666666},{"name":"Specular G","value":0.30589676300684604},{"name":"Specular B","value":0.30589676300684604},{"name":"Falloff","value":0.5},{"name":"Cast Shadow","value":false},{"name":"Rendering Active","value":true},{"name":"Map Size index","value":1},{"name":"Map Size","value":512},{"name":"Shadow Strength","value":1},{"name":"Near","value":0.1},{"name":"Far","value":30},{"name":"Bias","value":0.004},{"name":"Polygon Offset","value":0}],"portsOut":[{"name":"Trigger Out","links":[{"portIn":"Trigger In","portOut":"Trigger Out","objIn":"74eelyqb4","objOut":"01ksjc7se"}]},{"name":"World Position X","value":1.259493350982666},{"name":"World Position Y","value":0.9185407161712646},{"name":"World Position Z","value":0.4895596504211426}]},{"opId":"650baeb1-db2d-4781-9af6-ab4e9d4277be","id":"crwj24535","uiAttribs":{"history":{"createdAt":1707997293395,"createdBy":{"name":"vihanpereraux"},"lastInteractionAt":1708261362613,"lastInteractionBy":{"name":"vihanpereraux"}},"translate":{"x":-468,"y":460}},"portsIn":[{"name":"posZ","value":-0.39341370351515204},{"name":"scale","value":1},{"name":"rotX","value":-37.05},{"name":"rotY","value":-0.88},{"name":"rotZ","value":5.94}],"portsOut":[{"name":"trigger","links":[{"portIn":"Trigger In","portOut":"trigger","objIn":"01ksjc7se","objOut":"crwj24535"}]}]},{"opId":"17212e2b-d692-464c-8f8d-2d511dd3410a","id":"sjzx61tpp","uiAttribs":{"history":{"createdAt":1707997391377,"createdBy":{"name":"vihanpereraux"},"lastInteractionAt":1707998245284,"lastInteractionBy":{"name":"vihanpereraux"}},"translate":{"x":84,"y":120}},"portsIn":[{"name":"Size index","value":0},{"name":"Size","value":"Manual"},{"name":"Width","value":500},{"name":"Height","value":500},{"name":"Filter index","value":1},{"name":"Filter","value":"linear"},{"name":"Wrap index","value":1},{"name":"Wrap","value":"repeat"},{"name":"Anisotropic index","value":0},{"name":"Anisotropic","value":"0"},{"name":"Pixel Format index","value":4},{"name":"Pixel Format","value":"RGBA 8bit ubyte"},{"name":"R","value":1},{"name":"G","value":0.9997711181640625},{"name":"B","value":0.9997711181640625},{"name":"A","value":0}],"portsOut":[{"name":"Next","links":[{"portIn":"render","portOut":"Next","objIn":"ng3vzv4mc","objOut":"sjzx61tpp"}]},{"name":"texture_out","links":[{"portIn":"Base Texture","portOut":"texture_out","objIn":"hea8bj8e1","objOut":"sjzx61tpp"},{"portIn":"Texture","portOut":"texture_out","objIn":"czjsakczr","objOut":"sjzx61tpp"}]},{"name":"Aspect Ratio","value":1},{"name":"Texture Width","value":500},{"name":"Texture Height","value":500}]},{"opId":"9422eeab-b6c5-47d1-8737-d5c43dc137a3","id":"ng3vzv4mc","uiAttribs":{"history":{"createdAt":1707997402693,"createdBy":{"name":"vihanpereraux"},"lastInteractionAt":1708260119779,"lastInteractionBy":{"name":"vihanpereraux"}},"translate":{"x":84,"y":240}},"portsIn":[{"name":"Blend Mode index","value":0},{"name":"Blend Mode","value":"normal"},{"name":"Amount","value":1},{"name":"Alpha Mask index","value":0},{"name":"Alpha Mask","value":"Off"},{"name":"r","value":1},{"name":"g","value":1},{"name":"b","value":1},{"name":"scale","value":3},{"name":"scrollX","value":9.27},{"name":"scrollY","value":1.18},{"name":"repeat","value":1},{"name":"aspect","value":1},{"name":"Layer 1","value":true},{"name":"Layer 2","value":true},{"name":"Layer 3","value":true},{"name":"Layer 4","value":true},{"name":"Tileable","value":false}],"portsOut":[{"name":"trigger","links":[{"portIn":"render","portOut":"trigger","objIn":"qp9hgnipp","objOut":"ng3vzv4mc"}]}]},{"opId":"19b441eb-9f63-4f35-ba08-b87841517c4d","id":"wuaocodyj","uiAttribs":{"history":{"createdAt":1707997416256,"createdBy":{"name":"vihanpereraux"},"lastInteractionAt":1708011492220,"lastInteractionBy":{"name":"vihanpereraux"}},"translate":{"x":-216,"y":-360}},"portsIn":[{"name":"r","value":0},{"name":"g","value":0},{"name":"b","value":0},{"name":"a","value":1}],"portsOut":[{"name":"trigger","links":[{"portIn":"render","portOut":"trigger","objIn":"thnefaunm","objOut":"wuaocodyj"}]}]},{"opId":"aac7f721-208f-411a-adb3-79adae2e471a","id":"91yp8u17m","uiAttribs":{"history":{"createdAt":1707997433385,"createdBy":{"name":"vihanpereraux"},"lastInteractionAt":1707999915687,"lastInteractionBy":{"name":"vihanpereraux"}},"translate":{"x":180,"y":180}},"portsIn":[{"name":"Speed","value":4},{"name":"Play","value":true},{"name":"Sync to timeline","value":false}],"portsOut":[{"name":"Time","links":[{"portIn":"anim","portOut":"Time","objIn":"ng3vzv4mc","objOut":"91yp8u17m"}]}]},{"opId":"17212e2b-d692-464c-8f8d-2d511dd3410a","id":"hea8bj8e1","uiAttribs":{"history":{"createdAt":1707997391377,"createdBy":{"name":"vihanpereraux"},"lastInteractionAt":1707997391377,"lastInteractionBy":{"name":"vihanpereraux"}},"translate":{"x":300,"y":400}},"portsIn":[{"name":"Size index","value":0},{"name":"Size","value":"Auto"},{"name":"Width","value":640},{"name":"Height","value":480},{"name":"Filter index","value":1},{"name":"Filter","value":"linear"},{"name":"Wrap index","value":1},{"name":"Wrap","value":"repeat"},{"name":"Anisotropic index","value":0},{"name":"Anisotropic","value":"0"},{"name":"Pixel Format index","value":4},{"name":"Pixel Format","value":"RGBA 8bit ubyte"},{"name":"R","value":0},{"name":"G","value":0},{"name":"B","value":0},{"name":"A","value":0}],"portsOut":[{"name":"Next","links":[{"portIn":"render","portOut":"Next","objIn":"z4aei84qp","objOut":"hea8bj8e1"}]},{"name":"texture_out","links":[{"portIn":"Normal Map","portOut":"texture_out","objIn":"74eelyqb4","objOut":"hea8bj8e1"}]},{"name":"Aspect Ratio","value":1},{"name":"Texture Width","value":500},{"name":"Texture Height","value":500}]},{"opId":"5dfb2856-b589-4bd9-8f4e-b518da115d11","id":"z4aei84qp","uiAttribs":{"history":{"createdAt":1707997463441,"createdBy":{"name":"vihanpereraux"},"lastInteractionAt":1707999860729,"lastInteractionBy":{"name":"vihanpereraux"}},"translate":{"x":300,"y":460}},"portsIn":[{"name":"Strength","value":4},{"name":"Step Multiplier","value":1.5}],"portsOut":[{"name":"trigger","links":[{"portIn":"render","portOut":"trigger","objIn":"q29medfjd","objOut":"z4aei84qp"}]}]},{"opId":"54f26f53-f637-44c1-9bfb-a2f2b722e998","id":"q29medfjd","uiAttribs":{"history":{"createdAt":1707997468724,"createdBy":{"name":"vihanpereraux"},"lastInteractionAt":1707999798682,"lastInteractionBy":{"name":"vihanpereraux"}},"translate":{"x":300,"y":520}},"portsIn":[{"name":"amount","value":6},{"name":"direction index","value":0},{"name":"direction","value":"both"},{"name":"Fast","value":true}]},{"opId":"ed36e5ad-457b-4ac6-a929-11b66951cb6c","id":"czjsakczr","uiAttribs":{"history":{"createdAt":1707997547425,"createdBy":{"name":"vihanpereraux"},"lastInteractionAt":1708261248933,"lastInteractionBy":{"name":"vihanpereraux"}},"translate":{"x":-468,"y":980}},"portsIn":[{"name":"Extrude","value":0.82},{"name":"Mode index","value":0},{"name":"Mode","value":"Norm"},{"name":"Axis index","value":0},{"name":"Axis","value":"XYZ"},{"name":"Coordinates index","value":0},{"name":"Coordinates","value":"Tex Coords"},{"name":"Channel index","value":0},{"name":"Channel","value":"Luminance"},{"name":"Flip index","value":0},{"name":"Flip","value":"None"},{"name":"Range index","value":0},{"name":"Range","value":"0-1"},{"name":"Offset Y","value":1.09},{"name":"Scale","value":1},{"name":"Calc Normals","value":true},{"name":"Normal Axis index","value":2},{"name":"Normal Axis","value":"Z"},{"name":"Discard Zero Values","value":false},{"name":"colorize","value":false},{"name":"Colorize Min","value":0},{"name":"Colorize Max","value":1}],"portsOut":[{"name":"trigger","links":[{"portIn":"render","portOut":"trigger","objIn":"vuqkxnvh9","objOut":"czjsakczr"}]}]},{"opId":"17212e2b-d692-464c-8f8d-2d511dd3410a","id":"mh3pzfutd","uiAttribs":{"history":{"createdAt":1707997767105,"createdBy":{"name":"vihanpereraux"},"lastInteractionAt":1708163491772,"lastInteractionBy":{"name":"vihanpereraux"}},"translate":{"x":-240,"y":200}},"portsIn":[{"name":"Size index","value":0},{"name":"Size","value":"Manual"},{"name":"Width","value":500},{"name":"Height","value":500},{"name":"Filter index","value":1},{"name":"Filter","value":"linear"},{"name":"Wrap index","value":1},{"name":"Wrap","value":"mirrored repeat"},{"name":"Anisotropic index","value":0},{"name":"Anisotropic","value":"0"},{"name":"Pixel Format index","value":4},{"name":"Pixel Format","value":"RGBA 8bit ubyte"},{"name":"R","value":0},{"name":"G","value":0},{"name":"B","value":0},{"name":"A","value":0}],"portsOut":[{"name":"Next","links":[{"portIn":"render","portOut":"Next","objIn":"i3xfbjzy1","objOut":"mh3pzfutd"}]},{"name":"texture_out","links":[{"portIn":"Diffuse Texture","portOut":"texture_out","objIn":"74eelyqb4","objOut":"mh3pzfutd"}]},{"name":"Aspect Ratio","value":1},{"name":"Texture Width","value":500},{"name":"Texture Height","value":500}]},{"opId":"54f26f53-f637-44c1-9bfb-a2f2b722e998","id":"qp9hgnipp","uiAttribs":{"history":{"createdAt":1707998183885,"createdBy":{"name":"vihanpereraux"},"lastInteractionAt":1707998190579,"lastInteractionBy":{"name":"vihanpereraux"}},"translate":{"x":84,"y":300}},"portsIn":[{"name":"amount","value":1},{"name":"direction index","value":0},{"name":"direction","value":"both"},{"name":"Fast","value":true}]},{"opId":"aac7f721-208f-411a-adb3-79adae2e471a","id":"3lp9a2g3h","uiAttribs":{"history":{"createdAt":1707998333775,"createdBy":{"name":"vihanpereraux"},"lastInteractionAt":1708174453082,"lastInteractionBy":{"name":"vihanpereraux"}},"translate":{"x":-96,"y":440}},"portsIn":[{"name":"Speed","value":0.08},{"name":"Play","value":true},{"name":"Sync to timeline","value":false}],"portsOut":[{"name":"Time","links":[{"portIn":"number1","portOut":"Time","objIn":"2u3bxtt08","objOut":"3lp9a2g3h"}]}]},{"opId":"1bbdae06-fbb2-489b-9bcc-36c9d65bd441","id":"2u3bxtt08","uiAttribs":{"title":"*","history":{"createdAt":1707998358493,"createdBy":{"name":"vihanpereraux"},"lastInteractionAt":1707998358493,"lastInteractionBy":{"name":"vihanpereraux"}},"translate":{"x":-24,"y":540}},"portsOut":[{"name":"result","links":[{"portIn":"Texture Offset X","portOut":"result","objIn":"74eelyqb4","objOut":"2u3bxtt08"}]}]},{"opId":"8fb2bb5d-665a-4d0a-8079-12710ae453be","id":"i9y9272nf","uiAttribs":{"title":"number2","history":{"createdAt":1707998368691,"createdBy":{"name":"vihanpereraux"},"lastInteractionAt":1708173118635,"lastInteractionBy":{"name":"vihanpereraux"}},"translate":{"x":-12,"y":440}},"portsIn":[{"name":"value","value":-1}],"portsOut":[{"name":"result","links":[{"portIn":"number2","portOut":"result","objIn":"2u3bxtt08","objOut":"i9y9272nf"}]}]},{"opId":"736d3d0e-c920-449e-ade0-f5ca6018fb5c","id":"1fj6srzot","uiAttribs":{"history":{"createdAt":1707998441786,"createdBy":{"name":"vihanpereraux"},"lastInteractionAt":1708009524273,"lastInteractionBy":{"name":"vihanpereraux"}},"translate":{"x":180,"y":720}},"portsIn":[{"name":"Mode index","value":0},{"name":"Mode","value":"Sine"},{"name":"phase","value":0},{"name":"frequency","value":0.05},{"name":"amplitude","value":1}],"portsOut":[{"name":"result","links":[{"portIn":"number1","portOut":"result","objIn":"xtb5s5zyt","objOut":"1fj6srzot"}]}]},{"opId":"17212e2b-d692-464c-8f8d-2d511dd3410a","id":"uvk4noyhm","uiAttribs":{"history":{"createdAt":1707999732048,"createdBy":{"name":"vihanpereraux"},"lastInteractionAt":1707999732048,"lastInteractionBy":{"name":"vihanpereraux"}},"translate":{"x":1164,"y":60}},"portsIn":[{"name":"Size index","value":0},{"name":"Size","value":"Auto"},{"name":"Width","value":640},{"name":"Height","value":480},{"name":"Filter index","value":1},{"name":"Filter","value":"linear"},{"name":"Wrap index","value":1},{"name":"Wrap","value":"repeat"},{"name":"Anisotropic index","value":0},{"name":"Anisotropic","value":"0"},{"name":"Pixel Format index","value":4},{"name":"Pixel Format","value":"RGBA 8bit ubyte"},{"name":"R","value":0},{"name":"G","value":0},{"name":"B","value":0},{"name":"A","value":0}],"portsOut":[{"name":"Next","links":[{"portIn":"render","portOut":"Next","objIn":"5yre39lcm","objOut":"uvk4noyhm"}]},{"name":"texture_out","links":[{"portIn":"Environment Map","portOut":"texture_out","objIn":"74eelyqb4","objOut":"uvk4noyhm"}]},{"name":"Aspect Ratio","value":2},{"name":"Texture Width","value":1520},{"name":"Texture Height","value":760}]},{"opId":"650baeb1-db2d-4781-9af6-ab4e9d4277be","id":"woxxyldif","uiAttribs":{"history":{"createdAt":1708000442294,"createdBy":{"name":"vihanpereraux"},"lastInteractionAt":1708262284628,"lastInteractionBy":{"name":"vihanpereraux"}},"translate":{"x":672,"y":540}},"portsIn":[{"name":"posZ","value":-0.34},{"name":"scale","value":0.77},{"name":"rotX","value":74.35},{"name":"rotY","value":144.28},{"name":"rotZ","value":-48.16}],"portsOut":[{"name":"trigger","links":[{"portIn":"Trigger In","portOut":"trigger","objIn":"lytctfewk","objOut":"woxxyldif"}]}]},{"opId":"54e5d3f5-e3f4-4381-990d-d5e32b9a2d39","id":"lytctfewk","uiAttribs":{"history":{"createdAt":1708000620233,"createdBy":{"name":"vihanpereraux"},"lastInteractionAt":1708262491166,"lastInteractionBy":{"name":"vihanpereraux"}},"translate":{"x":672,"y":600}},"portsIn":[{"name":"Cast Light","value":true},{"name":"Intensity","value":1.55},{"name":"Radius","value":15},{"name":"X","value":-215.17},{"name":"Y","value":194.33},{"name":"Z","value":-24.43},{"name":"R","value":0.836761474609375},{"name":"G","value":1},{"name":"B","value":0.9927052783966064},{"name":"Specular R","value":1},{"name":"Specular G","value":1},{"name":"Specular B","value":1},{"name":"Falloff","value":0.207},{"name":"Cast Shadow","value":false},{"name":"Rendering Active","value":true},{"name":"Map Size index","value":1},{"name":"Map Size","value":512},{"name":"Shadow Strength","value":1},{"name":"Near","value":0.1},{"name":"Far","value":30},{"name":"Bias","value":0.004},{"name":"Polygon Offset","value":0}],"portsOut":[{"name":"Trigger Out","links":[{"portIn":"Trigger In","portOut":"Trigger Out","objIn":"7819r40q1","objOut":"lytctfewk"}]},{"name":"World Position X","value":-12.875567436218262},{"name":"World Position Y","value":50.230716705322266},{"name":"World Position Z","value":240.19000244140625}]},{"opId":"17212e2b-d692-464c-8f8d-2d511dd3410a","id":"4g44bsh2w","uiAttribs":{"history":{"createdAt":1707997391377,"createdBy":{"name":"vihanpereraux"},"lastInteractionAt":1708258184654,"lastInteractionBy":{"name":"vihanpereraux"}},"translate":{"x":720,"y":300}},"portsIn":[{"name":"Size index","value":0},{"name":"Size","value":"Manual"},{"name":"Width","value":500},{"name":"Height","value":500},{"name":"Filter index","value":1},{"name":"Filter","value":"linear"},{"name":"Wrap index","value":1},{"name":"Wrap","value":"mirrored repeat"},{"name":"Anisotropic index","value":0},{"name":"Anisotropic","value":"0"},{"name":"Pixel Format index","value":4},{"name":"Pixel Format","value":"RGBA 8bit ubyte"},{"name":"R","value":1},{"name":"G","value":1},{"name":"B","value":1},{"name":"A","value":0}],"portsOut":[{"name":"Next","links":[{"portIn":"render","portOut":"Next","objIn":"pfsyqvx71","objOut":"4g44bsh2w"}]},{"name":"texture_out","links":[{"portIn":"Base Texture","portOut":"texture_out","objIn":"w72bk7ghw","objOut":"4g44bsh2w"}]},{"name":"Aspect Ratio","value":1},{"name":"Texture Width","value":500},{"name":"Texture Height","value":500}]},{"opId":"9422eeab-b6c5-47d1-8737-d5c43dc137a3","id":"pfsyqvx71","uiAttribs":{"history":{"createdAt":1708000824226,"createdBy":{"name":"vihanpereraux"},"lastInteractionAt":1708261027142,"lastInteractionBy":{"name":"vihanpereraux"}},"translate":{"x":720,"y":420}},"portsIn":[{"name":"Blend Mode index","value":0},{"name":"Blend Mode","value":"normal"},{"name":"Amount","value":1},{"name":"Alpha Mask index","value":0},{"name":"Alpha Mask","value":"Off"},{"name":"r","value":0.6919791666666666},{"name":"g","value":0.6919791666666666},{"name":"b","value":0.6919791666666666},{"name":"scale","value":2.1},{"name":"scrollX","value":1},{"name":"repeat","value":0.96},{"name":"aspect","value":1},{"name":"Layer 1","value":true},{"name":"Layer 2","value":true},{"name":"Layer 3","value":true},{"name":"Layer 4","value":true},{"name":"Tileable","value":false}]},{"opId":"aac7f721-208f-411a-adb3-79adae2e471a","id":"t5t9jtl4j","uiAttribs":{"history":{"createdAt":1708000908014,"createdBy":{"name":"vihanpereraux"},"lastInteractionAt":1708257416161,"lastInteractionBy":{"name":"vihanpereraux"}},"translate":{"x":816,"y":360}},"portsIn":[{"name":"Speed","value":0.5},{"name":"Play","value":true},{"name":"Sync to timeline","value":false}],"portsOut":[{"name":"Time","links":[{"portIn":"anim","portOut":"Time","objIn":"pfsyqvx71","objOut":"t5t9jtl4j"}]}]},{"opId":"17212e2b-d692-464c-8f8d-2d511dd3410a","id":"w72bk7ghw","uiAttribs":{"history":{"createdAt":1707997391377,"createdBy":{"name":"vihanpereraux"},"lastInteractionAt":1708258180761,"lastInteractionBy":{"name":"vihanpereraux"}},"translate":{"x":1056,"y":300}},"portsIn":[{"name":"Size index","value":0},{"name":"Size","value":"Manual"},{"name":"Width","value":500},{"name":"Height","value":500},{"name":"Filter index","value":1},{"name":"Filter","value":"linear"},{"name":"Wrap index","value":1},{"name":"Wrap","value":"repeat"},{"name":"Anisotropic index","value":0},{"name":"Anisotropic","value":"0"},{"name":"Pixel Format index","value":4},{"name":"Pixel Format","value":"RGBA 8bit ubyte"},{"name":"R","value":1},{"name":"G","value":0.9997711181640625},{"name":"B","value":0.9997711181640625},{"name":"A","value":0}],"portsOut":[{"name":"Next","links":[{"portIn":"render","portOut":"Next","objIn":"mg14k2bo2","objOut":"w72bk7ghw"}]},{"name":"texture_out","links":[{"portIn":"Normal Map","portOut":"texture_out","objIn":"7819r40q1","objOut":"w72bk7ghw"}]},{"name":"Aspect Ratio","value":1},{"name":"Texture Width","value":500},{"name":"Texture Height","value":500}]},{"opId":"5dfb2856-b589-4bd9-8f4e-b518da115d11","id":"mg14k2bo2","uiAttribs":{"history":{"createdAt":1708000979019,"createdBy":{"name":"vihanpereraux"},"lastInteractionAt":1708262598364,"lastInteractionBy":{"name":"vihanpereraux"}},"translate":{"x":1056,"y":360}},"portsIn":[{"name":"Strength","value":4},{"name":"Step Multiplier","value":0.65}],"portsOut":[{"name":"trigger","links":[{"portIn":"render","portOut":"trigger","objIn":"xm01ppbad","objOut":"mg14k2bo2"}]}]},{"opId":"54f26f53-f637-44c1-9bfb-a2f2b722e998","id":"xm01ppbad","uiAttribs":{"history":{"createdAt":1708001018336,"createdBy":{"name":"vihanpereraux"},"lastInteractionAt":1708259730906,"lastInteractionBy":{"name":"vihanpereraux"}},"translate":{"x":1056,"y":420}},"portsIn":[{"name":"amount","value":1},{"name":"direction index","value":0},{"name":"direction","value":"both"},{"name":"Fast","value":true}]},{"opId":"aac7f721-208f-411a-adb3-79adae2e471a","id":"796amvlmt","uiAttribs":{"history":{"createdAt":1708001109215,"createdBy":{"name":"vihanpereraux"},"lastInteractionAt":1708257419807,"lastInteractionBy":{"name":"vihanpereraux"}},"translate":{"x":900,"y":360}},"portsIn":[{"name":"Speed","value":0.1},{"name":"Play","value":true},{"name":"Sync to timeline","value":false}],"portsOut":[{"name":"Time","links":[{"portIn":"scrollY","portOut":"Time","objIn":"pfsyqvx71","objOut":"796amvlmt"}]}]},{"opId":"17212e2b-d692-464c-8f8d-2d511dd3410a","id":"3l969nqg4","uiAttribs":{"history":{"createdAt":1708007987802,"createdBy":{"name":"vihanpereraux"},"lastInteractionAt":1708258413006,"lastInteractionBy":{"name":"vihanpereraux"}},"translate":{"x":360,"y":700}},"portsIn":[{"name":"Size index","value":0},{"name":"Size","value":"Manual"},{"name":"Width","value":500},{"name":"Height","value":500},{"name":"Filter index","value":1},{"name":"Filter","value":"nearest"},{"name":"Wrap index","value":1},{"name":"Wrap","value":"mirrored repeat"},{"name":"Anisotropic index","value":0},{"name":"Anisotropic","value":"0"},{"name":"Pixel Format index","value":4},{"name":"Pixel Format","value":"RGBA 8bit ubyte"},{"name":"R","value":0},{"name":"G","value":0},{"name":"B","value":0},{"name":"A","value":0}],"portsOut":[{"name":"Next","links":[{"portIn":"Render","portOut":"Next","objIn":"lt420nj6k","objOut":"3l969nqg4"}]},{"name":"texture_out","links":[{"portIn":"Diffuse Texture","portOut":"texture_out","objIn":"7819r40q1","objOut":"3l969nqg4"}]},{"name":"Aspect Ratio","value":1},{"name":"Texture Width","value":500},{"name":"Texture Height","value":500}]},{"opId":"54b89199-c594-4dff-bc48-82d6c7a55e8a","id":"i3xfbjzy1","uiAttribs":{"history":{"createdAt":1708009092965,"createdBy":{"name":"vihanpereraux"},"lastInteractionAt":1708009115355,"lastInteractionBy":{"name":"vihanpereraux"}},"translate":{"x":-240,"y":280}},"portsIn":[{"name":"contrast","value":0.523},{"name":"brightness","value":0.561}],"portsOut":[{"name":"trigger","links":[{"portIn":"render","portOut":"trigger","objIn":"c760o69p0","objOut":"i3xfbjzy1"}]}]},{"opId":"1bbdae06-fbb2-489b-9bcc-36c9d65bd441","id":"xtb5s5zyt","uiAttribs":{"title":"*","history":{"createdAt":1708009435220,"createdBy":{"name":"vihanpereraux"},"lastInteractionAt":1708009435220,"lastInteractionBy":{"name":"vihanpereraux"}},"translate":{"x":192,"y":820}},"portsOut":[{"name":"result","value":-305.2718114893587}]},{"opId":"8fb2bb5d-665a-4d0a-8079-12710ae453be","id":"z9nrs78nr","uiAttribs":{"title":"number2","history":{"createdAt":1708009442003,"createdBy":{"name":"vihanpereraux"},"lastInteractionAt":1708009448321,"lastInteractionBy":{"name":"vihanpereraux"}},"translate":{"x":204,"y":760}},"portsIn":[{"name":"value","value":500}],"portsOut":[{"name":"result","links":[{"portIn":"number2","portOut":"result","objIn":"xtb5s5zyt","objOut":"z9nrs78nr"}]}]},{"opId":"76418c17-abd5-401b-82e2-688db6f966ee","id":"7s42c7l9z","uiAttribs":{"history":{"createdAt":1708009777310,"createdBy":{"name":"vihanpereraux"},"lastInteractionAt":1708257614194,"lastInteractionBy":{"name":"vihanpereraux"}},"translate":{"x":-216,"y":-200}},"portsIn":[{"name":"Cast Light","value":true},{"name":"Intensity","value":2},{"name":"Radius","value":20},{"name":"X","value":-0.43},{"name":"Y","value":6.79},{"name":"Z","value":1},{"name":"Point At X","value":0},{"name":"Point At Y","value":0},{"name":"Point At Z","value":0},{"name":"R","value":0},{"name":"G","value":0},{"name":"B","value":0},{"name":"Specular R","value":0},{"name":"Specular G","value":0},{"name":"Specular B","value":0},{"name":"Cone Angle","value":120},{"name":"Inner Cone Angle","value":60},{"name":"Spot Exponent","value":2.84},{"name":"Falloff","value":0.00001},{"name":"Cast Shadow","value":false},{"name":"Rendering Active","value":true},{"name":"Map Size index","value":1},{"name":"Map Size","value":512},{"name":"Shadow Strength","value":0.99},{"name":"Near","value":0.1},{"name":"Far","value":30},{"name":"Bias","value":0.0001},{"name":"Polygon Offset","value":0},{"name":"Normal Offset","value":0},{"name":"Blur Amount","value":0},{"name":"Enable Advanced","value":false},{"name":"MSAA index","value":0},{"name":"MSAA","value":"none"},{"name":"Texture Filter index","value":0},{"name":"Texture Filter","value":"Linear"},{"name":"Anisotropic index","value":0},{"name":"Anisotropic","value":"0"}],"portsOut":[{"name":"Trigger Out","links":[{"portIn":"exe","portOut":"Trigger Out","objIn":"ha7l5iyys","objOut":"7s42c7l9z"}]},{"name":"World Position X","value":-0.453000009059906},{"name":"World Position Y","value":7.198999881744385},{"name":"World Position Z","value":0.8300000429153442}]},{"opId":"6dada2b7-da7c-47ee-87a9-a12e87055208","id":"c760o69p0","uiAttribs":{"history":{"createdAt":1708010741864,"createdBy":{"name":"vihanpereraux"},"lastInteractionAt":1708255628974,"lastInteractionBy":{"name":"vihanpereraux"}},"translate":{"x":-240,"y":340}},"portsIn":[{"name":"Blend Mode index","value":0},{"name":"Blend Mode","value":"normal"},{"name":"Amount","value":0.2},{"name":"Alpha Mask index","value":0},{"name":"Alpha Mask","value":"Off"},{"name":"Mask Invert","value":false},{"name":"r","value":0.3585579346080621},{"name":"g","value":0.9841666666666666},{"name":"b","value":0.34973537445068364},{"name":"A","value":1}],"portsOut":[{"name":"trigger","links":[{"portIn":"render","portOut":"trigger","objIn":"rxg02x2wq","objOut":"c760o69p0"}]}]},{"opId":"20b8a2e6-2419-474b-98a4-71a5e3178631","id":"rxg02x2wq","uiAttribs":{"history":{"createdAt":1708011614230,"createdBy":{"name":"vihanpereraux"},"lastInteractionAt":1708162263020,"lastInteractionBy":{"name":"vihanpereraux"}},"translate":{"x":-240,"y":400}},"portsIn":[{"name":"Blend Mode index","value":0},{"name":"Blend Mode","value":"normal"},{"name":"Amount","value":1},{"name":"Rotate","value":0.417},{"name":"Crop","value":false},{"name":"Clear","value":true}],"portsOut":[{"name":"trigger","links":[{"portIn":"Render","portOut":"trigger","objIn":"4ui6hhj4z","objOut":"rxg02x2wq"}]}]},{"opId":"0d83ed06-cdbe-4fe0-87bb-0ccece7fb6e1","id":"7819r40q1","uiAttribs":{"history":{"createdAt":1708163190919,"createdBy":{"name":"vihanpereraux"},"lastInteractionAt":1708259748917,"lastInteractionBy":{"name":"vihanpereraux"}},"translate":{"x":672,"y":680}},"portsIn":[{"name":"R","value":0.4592852348219274},{"name":"G","value":0.36941016855290587},{"name":"B","value":0.07119336409177102},{"name":"A","value":1},{"name":"Enable","value":false},{"name":"Albedo","value":0.707},{"name":"Roughness","value":0.835},{"name":"Active","value":true},{"name":"Fresnel Intensity","value":1},{"name":"Fresnel Width","value":1},{"name":"Fresnel Exponent","value":6},{"name":"Fresnel R","value":0.3937996673583984},{"name":"Fresnel G","value":0.5896451130032538},{"name":"Fresnel B","value":0.6387499999999999},{"name":"Emissive Active","value":false},{"name":"Color Intensity","value":0.3},{"name":"Emissive R","value":0.6441532263107757},{"name":"Emissive G","value":0.05774661530201941},{"name":"Emissive B","value":0.4885650683382756},{"name":"Shininess","value":100},{"name":"Specular Amount","value":0.5},{"name":"Specular Model index","value":0},{"name":"Specular Model","value":"Blinn"},{"name":"Energy Conservation","value":false},{"name":"Double Sided Material","value":false},{"name":"Falloff Mode index","value":0},{"name":"Falloff Mode","value":"A"},{"name":"Colorize Texture","value":false},{"name":"Diffuse Repeat X","value":1.94},{"name":"Diffuse Repeat Y","value":1.5},{"name":"Texture Offset X","value":-0.54},{"name":"Specular Intensity","value":1},{"name":"Normal Map Intensity","value":1},{"name":"AO Intensity","value":1},{"name":"AO UV Channel index","value":0},{"name":"AO UV Channel","value":1},{"name":"Emissive Intensity","value":1},{"name":"Emissive Mask Intensity","value":1},{"name":"Env Map Intensity","value":1},{"name":"Env Map Blend index","value":0},{"name":"Env Map Blend","value":"Add"},{"name":"Env Mask Intensity","value":1},{"name":"Alpha Mask Source index","value":0},{"name":"Alpha Mask Source","value":"Luminance"},{"name":"Discard Transparent Pixels","value":false}],"portsOut":[{"name":"Trigger Out","links":[{"portIn":"Render","portOut":"Trigger Out","objIn":"v5jag1igu","objOut":"7819r40q1"}]}]},{"opId":"790f3702-9833-464e-8e37-6f0f813f7e16","id":"ufu08prne","uiAttribs":{"translate":{"x":-612,"y":20},"history":{"createdAt":1708163433376,"createdBy":{"name":"vihanpereraux"},"lastInteractionAt":1708170448851,"lastInteractionBy":{"name":"vihanpereraux"}},"loading":false},"portsIn":[{"name":"File","value":"assets/paste_s6ofjb9uu_image.png","display":"file"},{"name":"Filter index","value":0},{"name":"Filter","value":"mipmap"},{"name":"Wrap index","value":2},{"name":"Wrap","value":"mirrored repeat"},{"name":"Anisotropic index","value":0},{"name":"Anisotropic","value":"16"},{"name":"Data Format index","value":3},{"name":"Data Format","value":"RGBA"},{"name":"Flip","value":true},{"name":"Pre Multiplied Alpha","value":false},{"name":"Active","value":true},{"name":"Save Memory","value":true},{"name":"Add Cachebuster","value":true}],"portsOut":[{"name":"Texture","links":[{"portIn":"Base Texture","portOut":"Texture","objIn":"mh3pzfutd","objOut":"ufu08prne"}]},{"name":"Width","value":512},{"name":"Height","value":512},{"name":"Aspect Ratio","value":1},{"name":"Loaded","value":true},{"name":"Loading","value":false}]},{"opId":"c9cbb226-46f7-4ca6-8dab-a9d0bdca4331","id":"v5jag1igu","uiAttribs":{"translate":{"x":672,"y":740},"history":{"createdAt":1708166525607,"createdBy":{"name":"vihanpereraux"},"lastInteractionAt":1708166525607,"lastInteractionBy":{"name":"vihanpereraux"}},"loading":false},"portsIn":[{"name":"data","value":""},{"name":"glb File","value":"assets/FemaleHead_glb.glb","display":"file"},{"name":"Draw","value":true},{"name":"Camera index","value":0},{"name":"Camera","value":"None"},{"name":"Animation","value":""},{"name":"Center index","value":1},{"name":"Center","value":"XYZ"},{"name":"Rescale","value":true},{"name":"Rescale Size","value":2.5},{"name":"Time","value":0},{"name":"Sync to timeline","value":false},{"name":"Loop","value":true},{"name":"Normals Format index","value":0},{"name":"Normals Format","value":"XYZ"},{"name":"Vertices Format index","value":0},{"name":"Vertices Format","value":"XYZ"},{"name":"Calc Normals index","value":0},{"name":"Calc Normals","value":"Auto"},{"name":"Hide Nodes","value":0},{"name":"Use Material Properties","value":true},{"name":"Active","value":true}],"portsOut":[{"name":"Generator","value":"Aspose.3D 24.1.0"},{"name":"GLTF Version","value":2},{"name":"Anim Length","value":0},{"name":"Anim Time","value":0},{"name":"Loading","value":false}]},{"opId":"aac7f721-208f-411a-adb3-79adae2e471a","id":"lcf1l0i4a","uiAttribs":{"history":{"createdAt":1708166751478,"createdBy":{"name":"vihanpereraux"},"lastInteractionAt":1708258568006,"lastInteractionBy":{"name":"vihanpereraux"}},"translate":{"x":1056,"y":620}},"portsIn":[{"name":"Speed","value":0.05},{"name":"Play","value":true},{"name":"Sync to timeline","value":false}],"portsOut":[{"name":"Time","links":[{"portIn":"Texture Offset Y","portOut":"Time","objIn":"7819r40q1","objOut":"lcf1l0i4a"}]}]},{"opId":"6d1edbc0-088a-43d7-9156-918fb3d7f24b","id":"ecabpffav","uiAttribs":{"history":{"createdAt":1708166968335,"createdBy":{"name":"vihanpereraux"},"lastInteractionAt":1708169619979,"lastInteractionBy":{"name":"vihanpereraux"}},"translate":{"x":-780,"y":80}},"portsIn":[{"name":"Coordinates index","value":0},{"name":"Coordinates","value":"-1 to 1"},{"name":"Area index","value":0},{"name":"Area","value":"Document"},{"name":"flip y","value":true},{"name":"right click prevent default","value":true},{"name":"Touch support","value":true},{"name":"Active","value":true}],"portsOut":[{"name":"x","links":[{"portIn":"number1","portOut":"x","objIn":"ytv2dhqvr","objOut":"ecabpffav"},{"portIn":"number1","portOut":"x","objIn":"l6odjgr6w","objOut":"ecabpffav"}]},{"name":"y","links":[{"portIn":"number1","portOut":"y","objIn":"ve3v7lx26","objOut":"ecabpffav"}]},{"name":"Button is down","value":0},{"name":"Mouse is hovering","value":1},{"name":"Movement X","value":0},{"name":"Movement Y","value":0}]},{"opId":"1bbdae06-fbb2-489b-9bcc-36c9d65bd441","id":"l6odjgr6w","uiAttribs":{"title":"*","history":{"createdAt":1708167459182,"createdBy":{"name":"vihanpereraux"},"lastInteractionAt":1708167459182,"lastInteractionBy":{"name":"vihanpereraux"}},"translate":{"x":-420,"y":620}},"portsOut":[{"name":"result","links":[{"portIn":"number1","portOut":"result","objIn":"bcy6rbblt","objOut":"l6odjgr6w"}]}]},{"opId":"c8fb181e-0b03-4b41-9e55-06b6267bc634","id":"bcy6rbblt","uiAttribs":{"title":"+","history":{"createdAt":1708167464168,"createdBy":{"name":"vihanpereraux"},"lastInteractionAt":1708167464168,"lastInteractionBy":{"name":"vihanpereraux"}},"translate":{"x":-420,"y":700}},"portsOut":[{"name":"result","links":[{"portIn":"Value","portOut":"result","objIn":"b2xd4qixh","objOut":"bcy6rbblt"}]}]},{"opId":"8fb2bb5d-665a-4d0a-8079-12710ae453be","id":"iqtszuhoc","uiAttribs":{"title":"number2","history":{"createdAt":1708167484558,"createdBy":{"name":"vihanpereraux"},"lastInteractionAt":1708260885513,"lastInteractionBy":{"name":"vihanpereraux"}},"translate":{"x":-408,"y":660}},"portsIn":[{"name":"value","value":1}],"portsOut":[{"name":"result","links":[{"portIn":"number2","portOut":"result","objIn":"bcy6rbblt","objOut":"iqtszuhoc"}]}]},{"opId":"8fb2bb5d-665a-4d0a-8079-12710ae453be","id":"w1vpnzftk","uiAttribs":{"title":"number2","history":{"createdAt":1708167496503,"createdBy":{"name":"vihanpereraux"},"lastInteractionAt":1708261883812,"lastInteractionBy":{"name":"vihanpereraux"}},"translate":{"x":-408,"y":580}},"portsIn":[{"name":"value","value":1.5}],"portsOut":[{"name":"result","links":[{"portIn":"number2","portOut":"result","objIn":"l6odjgr6w","objOut":"w1vpnzftk"}]}]},{"opId":"5677b5b5-753a-4fbf-9e91-64c81ec68a2f","id":"b2xd4qixh","uiAttribs":{"history":{"createdAt":1708167533864,"createdBy":{"name":"vihanpereraux"},"lastInteractionAt":1708174063199,"lastInteractionBy":{"name":"vihanpereraux"}},"translate":{"x":-432,"y":760}},"portsIn":[{"name":"Separate inc/dec","value":false},{"name":"Inc factor","title":"Inc/Dec factor"},{"name":"Dec factor","value":4}],"portsOut":[{"name":"Result","links":[{"portIn":"X","portOut":"Result","objIn":"01ksjc7se","objOut":"b2xd4qixh"}]}]},{"opId":"736d3d0e-c920-449e-ade0-f5ca6018fb5c","id":"0hms5gu3u","uiAttribs":{"history":{"createdAt":1708173467461,"createdBy":{"name":"vihanpereraux"},"lastInteractionAt":1708261531079,"lastInteractionBy":{"name":"vihanpereraux"}},"translate":{"x":324,"y":-260}},"portsIn":[{"name":"Mode index","value":0},{"name":"Mode","value":"Sine"},{"name":"phase","value":0},{"name":"frequency","value":1.3},{"name":"amplitude","value":0.11}],"portsOut":[{"name":"result","links":[{"portIn":"number1","portOut":"result","objIn":"oxrxfhs3v","objOut":"0hms5gu3u"}]}]},{"opId":"c8fb181e-0b03-4b41-9e55-06b6267bc634","id":"oxrxfhs3v","uiAttribs":{"title":"+","history":{"createdAt":1708173479049,"createdBy":{"name":"vihanpereraux"},"lastInteractionAt":1708173479049,"lastInteractionBy":{"name":"vihanpereraux"}},"translate":{"x":336,"y":-160}},"portsOut":[{"name":"result","links":[{"portIn":"Value","portOut":"result","objIn":"4tcq7p64k","objOut":"oxrxfhs3v"}]}]},{"opId":"8fb2bb5d-665a-4d0a-8079-12710ae453be","id":"1dx6qu8l3","uiAttribs":{"title":"number2","history":{"createdAt":1708173494428,"createdBy":{"name":"vihanpereraux"},"lastInteractionAt":1708262176793,"lastInteractionBy":{"name":"vihanpereraux"}},"translate":{"x":348,"y":-220}},"portsIn":[{"name":"value","value":-0.042}],"portsOut":[{"name":"result","links":[{"portIn":"number2","portOut":"result","objIn":"oxrxfhs3v","objOut":"1dx6qu8l3"}]}]},{"opId":"5677b5b5-753a-4fbf-9e91-64c81ec68a2f","id":"4tcq7p64k","uiAttribs":{"history":{"createdAt":1708173519112,"createdBy":{"name":"vihanpereraux"},"lastInteractionAt":1708173519112,"lastInteractionBy":{"name":"vihanpereraux"}},"translate":{"x":324,"y":-100}},"portsIn":[{"name":"Separate inc/dec","value":false},{"name":"Inc factor","value":4,"title":"Inc/Dec factor"},{"name":"Dec factor","value":4}],"portsOut":[{"name":"Result","links":[{"portIn":"posY","portOut":"Result","objIn":"woxxyldif","objOut":"4tcq7p64k"}]}]},{"opId":"37d66c32-5594-4509-bba0-0ba2cbb706d8","id":"4ui6hhj4z","uiAttribs":{"history":{"createdAt":1708174479702,"createdBy":{"name":"vihanpereraux"},"lastInteractionAt":1708255685667,"lastInteractionBy":{"name":"vihanpereraux"}},"translate":{"x":-240,"y":460}},"portsIn":[{"name":"amount","value":-10}],"portsOut":[{"name":"Trigger","links":[{"portIn":"Render","portOut":"Trigger","objIn":"iebvflqyo","objOut":"4ui6hhj4z"}]}]},{"opId":"37d66c32-5594-4509-bba0-0ba2cbb706d8","id":"kwhor6cvv","uiAttribs":{"history":{"createdAt":1708174611366,"createdBy":{"name":"vihanpereraux"},"lastInteractionAt":1708262664261,"lastInteractionBy":{"name":"vihanpereraux"}},"translate":{"x":360,"y":1020}},"portsIn":[{"name":"amount","value":-0.03}]},{"opId":"0240e26e-b86d-43b2-8c72-6795bb86dc76","id":"iebvflqyo","uiAttribs":{"history":{"createdAt":1708175144949,"createdBy":{"name":"vihanpereraux"},"lastInteractionAt":1708255659453,"lastInteractionBy":{"name":"vihanpereraux"}},"translate":{"x":-240,"y":520}},"portsIn":[{"name":"Blend Mode index","value":0},{"name":"Blend Mode","value":"normal"},{"name":"Amount","value":0.3},{"name":"Strength","value":4},{"name":"Width","value":0.1},{"name":"Mul Color","value":0}]},{"opId":"6dada2b7-da7c-47ee-87a9-a12e87055208","id":"r8286nilb","uiAttribs":{"history":{"createdAt":1708257374363,"createdBy":{"name":"vihanpereraux"},"lastInteractionAt":1708262508009,"lastInteractionBy":{"name":"vihanpereraux"}},"translate":{"x":360,"y":940}},"portsIn":[{"name":"Blend Mode index","value":0},{"name":"Blend Mode","value":"normal"},{"name":"Amount","value":0.384},{"name":"Alpha Mask index","value":0},{"name":"Alpha Mask","value":"Off"},{"name":"Mask Invert","value":false},{"name":"r","value":0.002000557581583659},{"name":"g","value":0.29920647863131855},{"name":"b","value":0.4256770833333333},{"name":"A","value":1}],"portsOut":[{"name":"trigger","links":[{"portIn":"Render","portOut":"trigger","objIn":"kwhor6cvv","objOut":"r8286nilb"}]}]},{"opId":"790f3702-9833-464e-8e37-6f0f813f7e16","id":"twsong2z9","uiAttribs":{"translate":{"x":1176,"y":-20},"history":{"createdAt":1708257757431,"createdBy":{"name":"vihanpereraux"},"lastInteractionAt":1708257757431,"lastInteractionBy":{"name":"vihanpereraux"}},"loading":false},"portsIn":[{"name":"File","value":"assets/paste_euqmh3onn_image.png","display":"file"},{"name":"Filter index","value":0},{"name":"Filter","value":"mipmap"},{"name":"Wrap index","value":2},{"name":"Wrap","value":"repeat"},{"name":"Anisotropic index","value":0},{"name":"Anisotropic","value":"0"},{"name":"Data Format index","value":3},{"name":"Data Format","value":"RGBA"},{"name":"Flip","value":false},{"name":"Pre Multiplied Alpha","value":false},{"name":"Active","value":true},{"name":"Save Memory","value":true},{"name":"Add Cachebuster","value":true}],"portsOut":[{"name":"Texture","links":[{"portIn":"Base Texture","portOut":"Texture","objIn":"uvk4noyhm","objOut":"twsong2z9"}]},{"name":"Width","value":1520},{"name":"Height","value":760},{"name":"Aspect Ratio","value":2},{"name":"Loaded","value":true},{"name":"Loading","value":false}]},{"opId":"6dada2b7-da7c-47ee-87a9-a12e87055208","id":"5yre39lcm","uiAttribs":{"history":{"createdAt":1708257790107,"createdBy":{"name":"vihanpereraux"},"lastInteractionAt":1708257928264,"lastInteractionBy":{"name":"vihanpereraux"}},"translate":{"x":1164,"y":140}},"portsIn":[{"name":"Blend Mode index","value":0},{"name":"Blend Mode","value":"normal"},{"name":"Amount","value":0.45},{"name":"Alpha Mask index","value":0},{"name":"Alpha Mask","value":"Off"},{"name":"Mask Invert","value":false},{"name":"r","value":0.05490196078431368},{"name":"g","value":0.7622365196078436},{"name":"b","value":0.9568627450980393},{"name":"A","value":1}],"portsOut":[{"name":"trigger","links":[{"portIn":"Render","portOut":"trigger","objIn":"vzfag2a6z","objOut":"5yre39lcm"}]}]},{"opId":"37d66c32-5594-4509-bba0-0ba2cbb706d8","id":"vzfag2a6z","uiAttribs":{"history":{"createdAt":1708257868531,"createdBy":{"name":"vihanpereraux"},"lastInteractionAt":1708257886410,"lastInteractionBy":{"name":"vihanpereraux"}},"translate":{"x":1164,"y":220}},"portsIn":[{"name":"amount","value":-0.31}]},{"opId":"790f3702-9833-464e-8e37-6f0f813f7e16","id":"h79yuq5hu","uiAttribs":{"translate":{"x":372,"y":640},"history":{"createdAt":1708163433376,"createdBy":{"name":"vihanpereraux"},"lastInteractionAt":1708258439198,"lastInteractionBy":{"name":"vihanpereraux"}},"loading":false},"portsIn":[{"name":"File","value":"assets/paste_s6ofjb9uu_image.png","display":"file"},{"name":"Filter index","value":0},{"name":"Filter","value":"nearest"},{"name":"Wrap index","value":2},{"name":"Wrap","value":"clamp to edge"},{"name":"Anisotropic index","value":0},{"name":"Anisotropic","value":"16"},{"name":"Data Format index","value":3},{"name":"Data Format","value":"RGBA"},{"name":"Flip","value":true},{"name":"Pre Multiplied Alpha","value":false},{"name":"Active","value":true},{"name":"Save Memory","value":true},{"name":"Add Cachebuster","value":true}],"portsOut":[{"name":"Texture","links":[{"portIn":"Base Texture","portOut":"Texture","objIn":"3l969nqg4","objOut":"h79yuq5hu"}]},{"name":"Width","value":512},{"name":"Height","value":512},{"name":"Aspect Ratio","value":1},{"name":"Loaded","value":true},{"name":"Loading","value":false}]},{"opId":"0240e26e-b86d-43b2-8c72-6795bb86dc76","id":"lt420nj6k","uiAttribs":{"history":{"createdAt":1708258473931,"createdBy":{"name":"vihanpereraux"},"lastInteractionAt":1708258484445,"lastInteractionBy":{"name":"vihanpereraux"}},"translate":{"x":360,"y":780}},"portsIn":[{"name":"Blend Mode index","value":0},{"name":"Blend Mode","value":"normal"},{"name":"Amount","value":0.071},{"name":"Strength","value":4},{"name":"Width","value":0.1},{"name":"Mul Color","value":0}],"portsOut":[{"name":"Trigger","links":[{"portIn":"render","portOut":"Trigger","objIn":"9x1k6hgt0","objOut":"lt420nj6k"}]}]},{"opId":"20b8a2e6-2419-474b-98a4-71a5e3178631","id":"9x1k6hgt0","uiAttribs":{"history":{"createdAt":1708259192706,"createdBy":{"name":"vihanpereraux"},"lastInteractionAt":1708259207683,"lastInteractionBy":{"name":"vihanpereraux"}},"translate":{"x":360,"y":860}},"portsIn":[{"name":"Blend Mode index","value":0},{"name":"Blend Mode","value":"normal"},{"name":"Amount","value":1},{"name":"Rotate","value":0},{"name":"Crop","value":false},{"name":"Clear","value":true}],"portsOut":[{"name":"trigger","links":[{"portIn":"render","portOut":"trigger","objIn":"r8286nilb","objOut":"9x1k6hgt0"}]}]},{"opId":"1bbdae06-fbb2-489b-9bcc-36c9d65bd441","id":"ytv2dhqvr","uiAttribs":{"title":"*","history":{"createdAt":1708260484303,"createdBy":{"name":"vihanpereraux"},"lastInteractionAt":1708260484303,"lastInteractionBy":{"name":"vihanpereraux"}},"translate":{"x":-780,"y":360}},"portsOut":[{"name":"result","links":[{"portIn":"number1","portOut":"result","objIn":"us1wbview","objOut":"ytv2dhqvr"}]}]},{"opId":"8fb2bb5d-665a-4d0a-8079-12710ae453be","id":"gc6od7sja","uiAttribs":{"title":"number2","history":{"createdAt":1708260488301,"createdBy":{"name":"vihanpereraux"},"lastInteractionAt":1708260763803,"lastInteractionBy":{"name":"vihanpereraux"}},"translate":{"x":-768,"y":300}},"portsIn":[{"name":"value","value":0.09}],"portsOut":[{"name":"result","links":[{"portIn":"number2","portOut":"result","objIn":"ytv2dhqvr","objOut":"gc6od7sja"}]}]},{"opId":"c8fb181e-0b03-4b41-9e55-06b6267bc634","id":"us1wbview","uiAttribs":{"title":"+","history":{"createdAt":1708260499537,"createdBy":{"name":"vihanpereraux"},"lastInteractionAt":1708260499537,"lastInteractionBy":{"name":"vihanpereraux"}},"translate":{"x":-780,"y":440}},"portsOut":[{"name":"result","links":[{"portIn":"Value","portOut":"result","objIn":"5jvvbh7k4","objOut":"us1wbview"}]}]},{"opId":"8fb2bb5d-665a-4d0a-8079-12710ae453be","id":"7x87xeihs","uiAttribs":{"title":"number2","history":{"createdAt":1708260516475,"createdBy":{"name":"vihanpereraux"},"lastInteractionAt":1708260620602,"lastInteractionBy":{"name":"vihanpereraux"}},"translate":{"x":-768,"y":400}},"portsIn":[{"name":"value","value":0.105}],"portsOut":[{"name":"result","links":[{"portIn":"number2","portOut":"result","objIn":"us1wbview","objOut":"7x87xeihs"}]}]},{"opId":"5677b5b5-753a-4fbf-9e91-64c81ec68a2f","id":"5jvvbh7k4","uiAttribs":{"history":{"createdAt":1708260549166,"createdBy":{"name":"vihanpereraux"},"lastInteractionAt":1708260907747,"lastInteractionBy":{"name":"vihanpereraux"}},"translate":{"x":-792,"y":500}},"portsIn":[{"name":"Separate inc/dec","value":false},{"name":"Inc factor","title":"Inc/Dec factor"},{"name":"Dec factor","value":4}],"portsOut":[{"name":"Result","links":[{"portIn":"posX","portOut":"Result","objIn":"crwj24535","objOut":"5jvvbh7k4"}]}]},{"opId":"c8fb181e-0b03-4b41-9e55-06b6267bc634","id":"nantl6cwj","uiAttribs":{"title":"+","history":{"createdAt":1708260499537,"createdBy":{"name":"vihanpereraux"},"lastInteractionAt":1708260499537,"lastInteractionBy":{"name":"vihanpereraux"}},"translate":{"x":-648,"y":440}},"portsIn":[{"name":"number1","value":0}],"portsOut":[{"name":"result","links":[{"portIn":"Value","portOut":"result","objIn":"y1uqigro9","objOut":"nantl6cwj"}]}]},{"opId":"8fb2bb5d-665a-4d0a-8079-12710ae453be","id":"wc22umukb","uiAttribs":{"title":"number2","history":{"createdAt":1708260516475,"createdBy":{"name":"vihanpereraux"},"lastInteractionAt":1708261317947,"lastInteractionBy":{"name":"vihanpereraux"}},"translate":{"x":-636,"y":400}},"portsOut":[{"name":"result","links":[{"portIn":"number2","portOut":"result","objIn":"nantl6cwj","objOut":"wc22umukb"}]}]},{"opId":"5677b5b5-753a-4fbf-9e91-64c81ec68a2f","id":"y1uqigro9","uiAttribs":{"history":{"createdAt":1708260549166,"createdBy":{"name":"vihanpereraux"},"lastInteractionAt":1708260910389,"lastInteractionBy":{"name":"vihanpereraux"}},"translate":{"x":-660,"y":500}},"portsIn":[{"name":"Separate inc/dec","value":false},{"name":"Inc factor","title":"Inc/Dec factor"},{"name":"Dec factor","value":4}],"portsOut":[{"name":"Result","links":[{"portIn":"posY","portOut":"Result","objIn":"crwj24535","objOut":"y1uqigro9"}]}]},{"opId":"8fb2bb5d-665a-4d0a-8079-12710ae453be","id":"8kcc6gzez","uiAttribs":{"title":"Inc factor","history":{"createdAt":1708260919995,"createdBy":{"name":"vihanpereraux"},"lastInteractionAt":1708260919995,"lastInteractionBy":{"name":"vihanpereraux"}},"translate":{"x":-1044,"y":340}},"portsIn":[{"name":"value","value":15}],"portsOut":[{"name":"result","links":[{"portIn":"Inc factor","portOut":"result","objIn":"y1uqigro9","objOut":"8kcc6gzez"},{"portIn":"Inc factor","portOut":"result","objIn":"5jvvbh7k4","objOut":"8kcc6gzez"},{"portIn":"Inc factor","portOut":"result","objIn":"b2xd4qixh","objOut":"8kcc6gzez"}]}]},{"opId":"aac7f721-208f-411a-adb3-79adae2e471a","id":"ztv3u01eu","uiAttribs":{"history":{"createdAt":1708261251771,"createdBy":{"name":"vihanpereraux"},"lastInteractionAt":1708261291519,"lastInteractionBy":{"name":"vihanpereraux"}},"translate":{"x":-360,"y":940}},"portsIn":[{"name":"Speed","value":0.01},{"name":"Play","value":true},{"name":"Sync to timeline","value":false}],"portsOut":[{"name":"Time","links":[{"portIn":"Offset X","portOut":"Time","objIn":"czjsakczr","objOut":"ztv3u01eu"}]}]},{"opId":"1bbdae06-fbb2-489b-9bcc-36c9d65bd441","id":"ve3v7lx26","uiAttribs":{"title":"*","history":{"createdAt":1708260484303,"createdBy":{"name":"vihanpereraux"},"lastInteractionAt":1708260484303,"lastInteractionBy":{"name":"vihanpereraux"}},"translate":{"x":-636,"y":340}},"portsOut":[{"name":"result","links":[{"portIn":"value","portOut":"result","objIn":"wc22umukb","objOut":"ve3v7lx26"}]}]},{"opId":"8fb2bb5d-665a-4d0a-8079-12710ae453be","id":"6j4tm29k2","uiAttribs":{"title":"number2","history":{"createdAt":1708260488301,"createdBy":{"name":"vihanpereraux"},"lastInteractionAt":1708262002892,"lastInteractionBy":{"name":"vihanpereraux"}},"translate":{"x":-636,"y":240}},"portsIn":[{"name":"value","value":0.001}],"portsOut":[{"name":"result","links":[{"portIn":"number2","portOut":"result","objIn":"ve3v7lx26","objOut":"6j4tm29k2"}]}]},{"opId":"650baeb1-db2d-4781-9af6-ab4e9d4277be","id":"thnefaunm","uiAttribs":{"history":{"createdAt":1708262212240,"createdBy":{"name":"vihanpereraux"},"lastInteractionAt":1708262255669,"lastInteractionBy":{"name":"vihanpereraux"}},"translate":{"x":-216,"y":-280}},"portsIn":[{"name":"posX","value":0.02},{"name":"posY","value":-0.27},{"name":"posZ","value":-0.27},{"name":"scale","value":1.1},{"name":"rotX","value":0},{"name":"rotY","value":0},{"name":"rotZ","value":0}],"portsOut":[{"name":"trigger","links":[{"portIn":"Trigger In","portOut":"trigger","objIn":"7s42c7l9z","objOut":"thnefaunm"}]}]},{"opId":"6d1edbc0-088a-43d7-9156-918fb3d7f24b","id":"meiryg6t8","uiAttribs":{"history":{"createdAt":1708262299560,"createdBy":{"name":"vihanpereraux"},"lastInteractionAt":1708262402491,"lastInteractionBy":{"name":"vihanpereraux"}},"translate":{"x":1428,"y":260}},"portsIn":[{"name":"Coordinates index","value":0},{"name":"Coordinates","value":"-1 to 1"},{"name":"Area index","value":0},{"name":"Area","value":"Document"},{"name":"flip y","value":true},{"name":"right click prevent default","value":true},{"name":"Touch support","value":true},{"name":"Active","value":true}],"portsOut":[{"name":"x","links":[{"portIn":"number1","portOut":"x","objIn":"fb7ss2ysw","objOut":"meiryg6t8"}]},{"name":"y","value":0.46327683615819204},{"name":"Button is down","value":0},{"name":"Mouse is hovering","value":1},{"name":"Movement X","value":0},{"name":"Movement Y","value":0}]},{"opId":"5677b5b5-753a-4fbf-9e91-64c81ec68a2f","id":"t2ah0tzqk","uiAttribs":{"history":{"createdAt":1708262309925,"createdBy":{"name":"vihanpereraux"},"lastInteractionAt":1708262368717,"lastInteractionBy":{"name":"vihanpereraux"}},"translate":{"x":1416,"y":500}},"portsIn":[{"name":"Separate inc/dec","value":false},{"name":"Inc factor","value":15,"title":"Inc/Dec factor"},{"name":"Dec factor","value":4}],"portsOut":[{"name":"Result","links":[{"portIn":"posX","portOut":"Result","objIn":"woxxyldif","objOut":"t2ah0tzqk"}]}]},{"opId":"1bbdae06-fbb2-489b-9bcc-36c9d65bd441","id":"fb7ss2ysw","uiAttribs":{"title":"*","history":{"createdAt":1708262326867,"createdBy":{"name":"vihanpereraux"},"lastInteractionAt":1708262326867,"lastInteractionBy":{"name":"vihanpereraux"}},"translate":{"x":1428,"y":340}},"portsOut":[{"name":"result","links":[{"portIn":"number1","portOut":"result","objIn":"aqal59iiw","objOut":"fb7ss2ysw"}]}]},{"opId":"8fb2bb5d-665a-4d0a-8079-12710ae453be","id":"vjxm9wr2p","uiAttribs":{"title":"number2","history":{"createdAt":1708262331616,"createdBy":{"name":"vihanpereraux"},"lastInteractionAt":1708262440121,"lastInteractionBy":{"name":"vihanpereraux"}},"translate":{"x":1452,"y":300}},"portsIn":[{"name":"value","value":-0.09}],"portsOut":[{"name":"result","links":[{"portIn":"number2","portOut":"result","objIn":"fb7ss2ysw","objOut":"vjxm9wr2p"}]}]},{"opId":"c8fb181e-0b03-4b41-9e55-06b6267bc634","id":"aqal59iiw","uiAttribs":{"title":"+","history":{"createdAt":1708262347918,"createdBy":{"name":"vihanpereraux"},"lastInteractionAt":1708262347918,"lastInteractionBy":{"name":"vihanpereraux"}},"translate":{"x":1428,"y":420}},"portsOut":[{"name":"result","links":[{"portIn":"Value","portOut":"result","objIn":"t2ah0tzqk","objOut":"aqal59iiw"}]}]},{"opId":"8fb2bb5d-665a-4d0a-8079-12710ae453be","id":"9x0fc9ud8","uiAttribs":{"title":"number2","history":{"createdAt":1708262353767,"createdBy":{"name":"vihanpereraux"},"lastInteractionAt":1708262360894,"lastInteractionBy":{"name":"vihanpereraux"}},"translate":{"x":1452,"y":380}},"portsIn":[{"name":"value","value":0.042626835732041665}],"portsOut":[{"name":"result","links":[{"portIn":"number2","portOut":"result","objIn":"aqal59iiw","objOut":"9x0fc9ud8"}]}]}],"visibility":"private","users":[],"usersReadOnly":[],"userOps":[],"tags":[],"_id":"65cdf80331f9f31bb7d80090","name":"drumcode-records-scene","userId":"62df47a46e58b5879c9e401f","cachedUsername":"vihanpereraux","created":"2024-02-15T11:39:47.598Z","updated":"2024-02-18T13:25:29.615Z","log":[{"_id":"65cdf81a33b9021b9e52dc12","created":"2024-02-15T11:40:10.967Z","key":"project_change_name","text":"[vihanpereraux](/user/vihanpereraux) changed name to \"drumcode-records-scene\""},{"_id":"65cdf81a33b9021b9e52dc13","created":"2024-02-15T11:40:10.968Z","key":"project_change_description","text":"[vihanpereraux](/user/vihanpereraux) changed description"},{"_id":"65d084e6da9aa7bae9cfba2d","created":"2024-02-17T10:05:26.318Z","key":"patch_export","text":"Exported patch to \"download\" by [vihanpereraux](/user/vihanpereraux) (Export 1)"},{"_id":"65d0a9dafc57e4badfae74b2","created":"2024-02-17T12:43:06.704Z","key":"project_manual_screenshot","text":"[vihanpereraux](/user/vihanpereraux) changed screenshot mode to manual"},{"_id":"65d0aa53134902bacbe9bab8","created":"2024-02-17T12:45:07.715Z","key":"patch_export","text":"Exported patch to \"download\" by [vihanpereraux](/user/vihanpereraux) (Export 2)"}],"__v":0,"shortId":"EA82m4","description":"","buildInfo":{"core":{"timestamp":1707302392182,"created":"2024-02-07T10:39:52.182Z","git":{"branch":"master","commit":"d110e346f781717b29314c9073ca439cd71dc843","date":"2024-02-07T10:39:23.000Z","message":"Merge branch 'master' of github.com:pandrr/cables"}},"ui":{"timestamp":1707987296628,"created":"2024-02-15T08:54:56.628Z","git":{"branch":"master","commit":"c8114fa6aab102f0923fb43154486a8623ec727f","date":"2024-02-14T16:43:07.000Z","message":"objtype display etc"}},"host":"cables.gl"},"opsHash":"99ec60cb6ae85d3d98d4a576a340755b003ed6a1","ui":{"timeLineLength":20,"texPreview":{"pinned":false,"port":"texture_out","op":"3l969nqg4","enabled":false},"bookmarks":[],"viewBoxesGl":{"0":{"x":216.51570103727556,"y":108.218138876257,"z":639.484164922372}},"renderer":{"w":609,"h":450,"s":1}},"updatedByUser":"vihanpereraux","deployments":{"lastDeployment":{"date":1708173907715,"service":"download","number":2}},"exports":3,"link":"/p/EA82m4","thumbnail":"/thumb/l/65cdf80331f9f31bb7d80090/thumb.webp","id":"65cdf80331f9f31bb7d80090"}