{"ops":[{"id":"106dfbv77","uiAttribs":{},"portsIn":[{"name":"FPS Limit","value":0},{"name":"Reduce FPS not focussed","value":true},{"name":"Reduce FPS loading","value":false},{"name":"Clear","value":true},{"name":"ClearAlpha","value":true},{"name":"Fullscreen Button","value":false},{"name":"Active","value":true},{"name":"Hires Displays","value":false},{"name":"Pixel Unit index","value":0},{"name":"Pixel Unit","value":"Display"}],"portsOut":[{"name":"trigger","links":[{"portIn":"render","portOut":"trigger","objIn":"wuaocodyj","objOut":"106dfbv77"}]},{"name":"width","value":609},{"name":"height","value":450}],"objName":"Ops.Gl.MainLoop"},{"id":"ha7l5iyys","uiAttribs":{},"portsOut":[{"name":"trigger 0","links":[{"portIn":"render","portOut":"trigger 0","objIn":"crwj24535","objOut":"ha7l5iyys"},{"portIn":"Update","portOut":"trigger 0","objIn":"5jvvbh7k4","objOut":"ha7l5iyys"},{"portIn":"Update","portOut":"trigger 0","objIn":"y1uqigro9","objOut":"ha7l5iyys"}]},{"name":"trigger 1","links":[{"portIn":"Render","portOut":"trigger 1","objIn":"sjzx61tpp","objOut":"ha7l5iyys"},{"portIn":"Render","portOut":"trigger 1","objIn":"hea8bj8e1","objOut":"ha7l5iyys"},{"portIn":"Render","portOut":"trigger 1","objIn":"mh3pzfutd","objOut":"ha7l5iyys"}]},{"name":"trigger 2","links":[{"portIn":"exe","portOut":"trigger 2","objIn":"1fj6srzot","objOut":"ha7l5iyys"}]},{"name":"trigger 3","links":[{"portIn":"Render","portOut":"trigger 3","objIn":"uvk4noyhm","objOut":"ha7l5iyys"}]},{"name":"trigger 4","links":[{"portIn":"Update","portOut":"trigger 4","objIn":"b2xd4qixh","objOut":"ha7l5iyys"}]},{"name":"trigger 5","links":[{"portIn":"Update","portOut":"trigger 5","objIn":"t2ah0tzqk","objOut":"ha7l5iyys"}]},{"name":"trigger 7","links":[{"portIn":"exe","portOut":"trigger 7","objIn":"0hms5gu3u","objOut":"ha7l5iyys"}]},{"name":"trigger 8","links":[{"portIn":"Update","portOut":"trigger 8","objIn":"4tcq7p64k","objOut":"ha7l5iyys"}]},{"name":"trigger 11","links":[{"portIn":"render","portOut":"trigger 11","objIn":"woxxyldif","objOut":"ha7l5iyys"}]},{"name":"trigger 12","links":[{"portIn":"Render","portOut":"trigger 12","objIn":"4g44bsh2w","objOut":"ha7l5iyys"}]},{"name":"trigger 13","links":[{"portIn":"Render","portOut":"trigger 13","objIn":"w72bk7ghw","objOut":"ha7l5iyys"}]},{"name":"trigger 15","links":[{"portIn":"Render","portOut":"trigger 15","objIn":"3l969nqg4","objOut":"ha7l5iyys"}]}],"objName":"Ops.Trigger.Sequence"},{"id":"vuqkxnvh9","uiAttribs":{},"portsIn":[{"name":"render","title":"Trigger"},{"name":"Render Mesh","value":true,"title":"Render"},{"name":"width","value":11},{"name":"height","value":9},{"name":"pivot x index","value":1},{"name":"pivot x","value":"center"},{"name":"pivot y index","value":1},{"name":"pivot y","value":"center"},{"name":"axis index","value":0},{"name":"axis","value":"xy"},{"name":"Flip TexCoord X","value":false},{"name":"Flip TexCoord Y","value":true},{"name":"num columns","value":500},{"name":"num rows","value":500}],"objName":"Ops.Gl.Meshes.Rectangle_v4"},{"id":"74eelyqb4","uiAttribs":{},"portsIn":[{"name":"R","value":0},{"name":"G","value":0},{"name":"B","value":0},{"name":"A","value":1},{"name":"Enable","value":false},{"name":"Albedo","value":0.707},{"name":"Roughness","value":0.835},{"name":"Active","value":true},{"name":"Fresnel Intensity","value":1},{"name":"Fresnel Width","value":1},{"name":"Fresnel Exponent","value":6},{"name":"Fresnel R","value":0.21960784313725495},{"name":"Fresnel G","value":0.734626225490196},{"name":"Fresnel B","value":0.996078431372549},{"name":"Emissive Active","value":true},{"name":"Color Intensity","value":0.3},{"name":"Emissive R","value":0},{"name":"Emissive G","value":0},{"name":"Emissive B","value":0},{"name":"Shininess","value":100},{"name":"Specular Amount","value":0.5},{"name":"Specular Model index","value":0},{"name":"Specular Model","value":"Blinn"},{"name":"Energy Conservation","value":true},{"name":"Double Sided Material","value":false},{"name":"Falloff Mode index","value":0},{"name":"Falloff Mode","value":"A"},{"name":"Colorize Texture","value":false},{"name":"Diffuse Repeat X","value":2},{"name":"Diffuse Repeat Y","value":2},{"name":"Texture Offset Y","value":1},{"name":"Specular Intensity","value":1},{"name":"Normal Map Intensity","value":1},{"name":"AO Intensity","value":1},{"name":"AO UV Channel index","value":0},{"name":"AO UV Channel","value":1},{"name":"Emissive Intensity","value":1},{"name":"Emissive Mask Intensity","value":1},{"name":"Env Map Intensity","value":1},{"name":"Env Map Blend index","value":0},{"name":"Env Map Blend","value":"Add"},{"name":"Env Mask Intensity","value":1},{"name":"Alpha Mask Source index","value":0},{"name":"Alpha Mask Source","value":"Luminance"},{"name":"Discard Transparent Pixels","value":false}],"portsOut":[{"name":"Trigger Out","links":[{"portIn":"Render","portOut":"Trigger Out","objIn":"czjsakczr","objOut":"74eelyqb4"}]}],"objName":"Ops.Gl.Phong.PhongMaterial_v6"},{"id":"01ksjc7se","uiAttribs":{},"portsIn":[{"name":"Cast Light","value":true},{"name":"Intensity","value":3.12},{"name":"Radius","value":15.32},{"name":"Y","value":0.1},{"name":"Z","value":1.5},{"name":"R","value":0},{"name":"G","value":0.4125568277994794},{"name":"B","value":0.5457552083333334},{"name":"Specular R","value":0.5752604166666666},{"name":"Specular G","value":0.30589676300684604},{"name":"Specular B","value":0.30589676300684604},{"name":"Falloff","value":0.5},{"name":"Cast Shadow","value":false},{"name":"Rendering Active","value":true},{"name":"Map Size index","value":1},{"name":"Map Size","value":512},{"name":"Shadow Strength","value":1},{"name":"Near","value":0.1},{"name":"Far","value":30},{"name":"Bias","value":0.004},{"name":"Polygon Offset","value":0}],"portsOut":[{"name":"Trigger Out","links":[{"portIn":"Trigger In","portOut":"Trigger Out","objIn":"74eelyqb4","objOut":"01ksjc7se"}]},{"name":"World Position X","value":1.259493350982666},{"name":"World Position Y","value":0.9185407161712646},{"name":"World Position Z","value":0.4895596504211426}],"objName":"Ops.Gl.Phong.PointLight_v5"},{"id":"crwj24535","uiAttribs":{},"portsIn":[{"name":"posZ","value":-0.39341370351515204},{"name":"scale","value":1},{"name":"rotX","value":-37.05},{"name":"rotY","value":-0.88},{"name":"rotZ","value":5.94}],"portsOut":[{"name":"trigger","links":[{"portIn":"Trigger In","portOut":"trigger","objIn":"01ksjc7se","objOut":"crwj24535"}]}],"objName":"Ops.Gl.Matrix.Transform"},{"id":"sjzx61tpp","uiAttribs":{},"portsIn":[{"name":"Size index","value":0},{"name":"Size","value":"Manual"},{"name":"Width","value":500},{"name":"Height","value":500},{"name":"Filter index","value":1},{"name":"Filter","value":"linear"},{"name":"Wrap index","value":1},{"name":"Wrap","value":"repeat"},{"name":"Anisotropic index","value":0},{"name":"Anisotropic","value":"0"},{"name":"Pixel Format index","value":4},{"name":"Pixel Format","value":"RGBA 8bit ubyte"},{"name":"R","value":1},{"name":"G","value":0.9997711181640625},{"name":"B","value":0.9997711181640625},{"name":"A","value":0}],"portsOut":[{"name":"Next","links":[{"portIn":"render","portOut":"Next","objIn":"ng3vzv4mc","objOut":"sjzx61tpp"}]},{"name":"texture_out","links":[{"portIn":"Base Texture","portOut":"texture_out","objIn":"hea8bj8e1","objOut":"sjzx61tpp"},{"portIn":"Texture","portOut":"texture_out","objIn":"czjsakczr","objOut":"sjzx61tpp"}]},{"name":"Aspect Ratio","value":1},{"name":"Texture Width","value":500},{"name":"Texture Height","value":500}],"objName":"Ops.Gl.ImageCompose.ImageCompose_v4"},{"id":"ng3vzv4mc","uiAttribs":{},"portsIn":[{"name":"Blend Mode index","value":0},{"name":"Blend Mode","value":"normal"},{"name":"Amount","value":1},{"name":"Alpha Mask index","value":0},{"name":"Alpha Mask","value":"Off"},{"name":"r","value":1},{"name":"g","value":1},{"name":"b","value":1},{"name":"scale","value":3},{"name":"scrollX","value":9.27},{"name":"scrollY","value":1.18},{"name":"repeat","value":1},{"name":"aspect","value":1},{"name":"Layer 1","value":true},{"name":"Layer 2","value":true},{"name":"Layer 3","value":true},{"name":"Layer 4","value":true},{"name":"Tileable","value":false}],"portsOut":[{"name":"trigger","links":[{"portIn":"render","portOut":"trigger","objIn":"qp9hgnipp","objOut":"ng3vzv4mc"}]}],"objName":"Ops.Gl.ImageCompose.Noise.FBMNoise_v2"},{"id":"wuaocodyj","uiAttribs":{},"portsIn":[{"name":"r","value":0},{"name":"g","value":0},{"name":"b","value":0},{"name":"a","value":1}],"portsOut":[{"name":"trigger","links":[{"portIn":"render","portOut":"trigger","objIn":"thnefaunm","objOut":"wuaocodyj"}]}],"objName":"Ops.Gl.ClearColor"},{"id":"91yp8u17m","uiAttribs":{},"portsIn":[{"name":"Speed","value":4},{"name":"Play","value":true},{"name":"Sync to timeline","value":false}],"portsOut":[{"name":"Time","links":[{"portIn":"anim","portOut":"Time","objIn":"ng3vzv4mc","objOut":"91yp8u17m"}]}],"objName":"Ops.Anim.Timer_v2"},{"id":"hea8bj8e1","uiAttribs":{},"portsIn":[{"name":"Size index","value":0},{"name":"Size","value":"Auto"},{"name":"Width","value":640},{"name":"Height","value":480},{"name":"Filter index","value":1},{"name":"Filter","value":"linear"},{"name":"Wrap index","value":1},{"name":"Wrap","value":"repeat"},{"name":"Anisotropic index","value":0},{"name":"Anisotropic","value":"0"},{"name":"Pixel Format index","value":4},{"name":"Pixel Format","value":"RGBA 8bit ubyte"},{"name":"R","value":0},{"name":"G","value":0},{"name":"B","value":0},{"name":"A","value":0}],"portsOut":[{"name":"Next","links":[{"portIn":"render","portOut":"Next","objIn":"z4aei84qp","objOut":"hea8bj8e1"}]},{"name":"texture_out","links":[{"portIn":"Normal Map","portOut":"texture_out","objIn":"74eelyqb4","objOut":"hea8bj8e1"}]},{"name":"Aspect Ratio","value":1},{"name":"Texture Width","value":500},{"name":"Texture Height","value":500}],"objName":"Ops.Gl.ImageCompose.ImageCompose_v4"},{"id":"z4aei84qp","uiAttribs":{},"portsIn":[{"name":"Strength","value":4},{"name":"Step Multiplier","value":1.5}],"portsOut":[{"name":"trigger","links":[{"portIn":"render","portOut":"trigger","objIn":"q29medfjd","objOut":"z4aei84qp"}]}],"objName":"Ops.Gl.ImageCompose.ToNormalMap_v2"},{"id":"q29medfjd","uiAttribs":{},"portsIn":[{"name":"amount","value":6},{"name":"direction index","value":0},{"name":"direction","value":"both"},{"name":"Fast","value":true}],"objName":"Ops.Gl.ImageCompose.Blur"},{"id":"czjsakczr","uiAttribs":{},"portsIn":[{"name":"Extrude","value":0.82},{"name":"Mode index","value":0},{"name":"Mode","value":"Norm"},{"name":"Axis index","value":0},{"name":"Axis","value":"XYZ"},{"name":"Coordinates index","value":0},{"name":"Coordinates","value":"Tex Coords"},{"name":"Channel index","value":0},{"name":"Channel","value":"Luminance"},{"name":"Flip index","value":0},{"name":"Flip","value":"None"},{"name":"Range index","value":0},{"name":"Range","value":"0-1"},{"name":"Offset Y","value":1.09},{"name":"Scale","value":1},{"name":"Calc Normals","value":true},{"name":"Normal Axis index","value":2},{"name":"Normal Axis","value":"Z"},{"name":"Discard Zero Values","value":false},{"name":"colorize","value":false},{"name":"Colorize Min","value":0},{"name":"Colorize Max","value":1}],"portsOut":[{"name":"trigger","links":[{"portIn":"render","portOut":"trigger","objIn":"vuqkxnvh9","objOut":"czjsakczr"}]}],"objName":"Ops.Gl.ShaderEffects.VertexDisplacementMap_v4"},{"id":"mh3pzfutd","uiAttribs":{},"portsIn":[{"name":"Size index","value":0},{"name":"Size","value":"Manual"},{"name":"Width","value":500},{"name":"Height","value":500},{"name":"Filter index","value":1},{"name":"Filter","value":"linear"},{"name":"Wrap index","value":1},{"name":"Wrap","value":"mirrored repeat"},{"name":"Anisotropic index","value":0},{"name":"Anisotropic","value":"0"},{"name":"Pixel Format index","value":4},{"name":"Pixel Format","value":"RGBA 8bit ubyte"},{"name":"R","value":0},{"name":"G","value":0},{"name":"B","value":0},{"name":"A","value":0}],"portsOut":[{"name":"Next","links":[{"portIn":"render","portOut":"Next","objIn":"i3xfbjzy1","objOut":"mh3pzfutd"}]},{"name":"texture_out","links":[{"portIn":"Diffuse Texture","portOut":"texture_out","objIn":"74eelyqb4","objOut":"mh3pzfutd"}]},{"name":"Aspect Ratio","value":1},{"name":"Texture Width","value":500},{"name":"Texture Height","value":500}],"objName":"Ops.Gl.ImageCompose.ImageCompose_v4"},{"id":"qp9hgnipp","uiAttribs":{},"portsIn":[{"name":"amount","value":1},{"name":"direction index","value":0},{"name":"direction","value":"both"},{"name":"Fast","value":true}],"objName":"Ops.Gl.ImageCompose.Blur"},{"id":"3lp9a2g3h","uiAttribs":{},"portsIn":[{"name":"Speed","value":0.08},{"name":"Play","value":true},{"name":"Sync to timeline","value":false}],"portsOut":[{"name":"Time","links":[{"portIn":"number1","portOut":"Time","objIn":"2u3bxtt08","objOut":"3lp9a2g3h"}]}],"objName":"Ops.Anim.Timer_v2"},{"id":"2u3bxtt08","uiAttribs":{},"portsOut":[{"name":"result","links":[{"portIn":"Texture Offset X","portOut":"result","objIn":"74eelyqb4","objOut":"2u3bxtt08"}]}],"objName":"Ops.Math.Multiply"},{"id":"i9y9272nf","uiAttribs":{},"portsIn":[{"name":"value","value":-1}],"portsOut":[{"name":"result","links":[{"portIn":"number2","portOut":"result","objIn":"2u3bxtt08","objOut":"i9y9272nf"}]}],"objName":"Ops.Number.Number"},{"id":"1fj6srzot","uiAttribs":{},"portsIn":[{"name":"Mode index","value":0},{"name":"Mode","value":"Sine"},{"name":"phase","value":0},{"name":"frequency","value":0.05},{"name":"amplitude","value":1}],"portsOut":[{"name":"result","links":[{"portIn":"number1","portOut":"result","objIn":"xtb5s5zyt","objOut":"1fj6srzot"}]}],"objName":"Ops.Anim.SineAnim"},{"id":"uvk4noyhm","uiAttribs":{},"portsIn":[{"name":"Size index","value":0},{"name":"Size","value":"Auto"},{"name":"Width","value":640},{"name":"Height","value":480},{"name":"Filter index","value":1},{"name":"Filter","value":"linear"},{"name":"Wrap index","value":1},{"name":"Wrap","value":"repeat"},{"name":"Anisotropic index","value":0},{"name":"Anisotropic","value":"0"},{"name":"Pixel Format index","value":4},{"name":"Pixel Format","value":"RGBA 8bit ubyte"},{"name":"R","value":0},{"name":"G","value":0},{"name":"B","value":0},{"name":"A","value":0}],"portsOut":[{"name":"Next","links":[{"portIn":"render","portOut":"Next","objIn":"5yre39lcm","objOut":"uvk4noyhm"}]},{"name":"texture_out","links":[{"portIn":"Environment Map","portOut":"texture_out","objIn":"74eelyqb4","objOut":"uvk4noyhm"}]},{"name":"Aspect Ratio","value":2},{"name":"Texture Width","value":1520},{"name":"Texture Height","value":760}],"objName":"Ops.Gl.ImageCompose.ImageCompose_v4"},{"id":"woxxyldif","uiAttribs":{},"portsIn":[{"name":"posZ","value":-0.34},{"name":"scale","value":0.77},{"name":"rotX","value":74.35},{"name":"rotY","value":144.28},{"name":"rotZ","value":-48.16}],"portsOut":[{"name":"trigger","links":[{"portIn":"Trigger In","portOut":"trigger","objIn":"lytctfewk","objOut":"woxxyldif"}]}],"objName":"Ops.Gl.Matrix.Transform"},{"id":"lytctfewk","uiAttribs":{},"portsIn":[{"name":"Cast Light","value":true},{"name":"Intensity","value":1.55},{"name":"Radius","value":15},{"name":"X","value":-215.17},{"name":"Y","value":194.33},{"name":"Z","value":-24.43},{"name":"R","value":0.836761474609375},{"name":"G","value":1},{"name":"B","value":0.9927052783966064},{"name":"Specular R","value":1},{"name":"Specular G","value":1},{"name":"Specular B","value":1},{"name":"Falloff","value":0.207},{"name":"Cast Shadow","value":false},{"name":"Rendering Active","value":true},{"name":"Map Size index","value":1},{"name":"Map Size","value":512},{"name":"Shadow Strength","value":1},{"name":"Near","value":0.1},{"name":"Far","value":30},{"name":"Bias","value":0.004},{"name":"Polygon Offset","value":0}],"portsOut":[{"name":"Trigger Out","links":[{"portIn":"Trigger In","portOut":"Trigger Out","objIn":"7819r40q1","objOut":"lytctfewk"}]},{"name":"World Position X","value":-12.875567436218262},{"name":"World Position Y","value":50.230716705322266},{"name":"World Position Z","value":240.19000244140625}],"objName":"Ops.Gl.Phong.PointLight_v5"},{"id":"4g44bsh2w","uiAttribs":{},"portsIn":[{"name":"Size index","value":0},{"name":"Size","value":"Manual"},{"name":"Width","value":500},{"name":"Height","value":500},{"name":"Filter index","value":1},{"name":"Filter","value":"linear"},{"name":"Wrap index","value":1},{"name":"Wrap","value":"mirrored repeat"},{"name":"Anisotropic index","value":0},{"name":"Anisotropic","value":"0"},{"name":"Pixel Format index","value":4},{"name":"Pixel Format","value":"RGBA 8bit ubyte"},{"name":"R","value":1},{"name":"G","value":1},{"name":"B","value":1},{"name":"A","value":0}],"portsOut":[{"name":"Next","links":[{"portIn":"render","portOut":"Next","objIn":"pfsyqvx71","objOut":"4g44bsh2w"}]},{"name":"texture_out","links":[{"portIn":"Base Texture","portOut":"texture_out","objIn":"w72bk7ghw","objOut":"4g44bsh2w"}]},{"name":"Aspect Ratio","value":1},{"name":"Texture Width","value":500},{"name":"Texture Height","value":500}],"objName":"Ops.Gl.ImageCompose.ImageCompose_v4"},{"id":"pfsyqvx71","uiAttribs":{},"portsIn":[{"name":"Blend Mode index","value":0},{"name":"Blend Mode","value":"normal"},{"name":"Amount","value":1},{"name":"Alpha Mask index","value":0},{"name":"Alpha Mask","value":"Off"},{"name":"r","value":0.6919791666666666},{"name":"g","value":0.6919791666666666},{"name":"b","value":0.6919791666666666},{"name":"scale","value":2.1},{"name":"scrollX","value":1},{"name":"repeat","value":0.96},{"name":"aspect","value":1},{"name":"Layer 1","value":true},{"name":"Layer 2","value":true},{"name":"Layer 3","value":true},{"name":"Layer 4","value":true},{"name":"Tileable","value":false}],"objName":"Ops.Gl.ImageCompose.Noise.FBMNoise_v2"},{"id":"t5t9jtl4j","uiAttribs":{},"portsIn":[{"name":"Speed","value":0.5},{"name":"Play","value":true},{"name":"Sync to timeline","value":false}],"portsOut":[{"name":"Time","links":[{"portIn":"anim","portOut":"Time","objIn":"pfsyqvx71","objOut":"t5t9jtl4j"}]}],"objName":"Ops.Anim.Timer_v2"},{"id":"w72bk7ghw","uiAttribs":{},"portsIn":[{"name":"Size index","value":0},{"name":"Size","value":"Manual"},{"name":"Width","value":500},{"name":"Height","value":500},{"name":"Filter index","value":1},{"name":"Filter","value":"linear"},{"name":"Wrap index","value":1},{"name":"Wrap","value":"repeat"},{"name":"Anisotropic index","value":0},{"name":"Anisotropic","value":"0"},{"name":"Pixel Format index","value":4},{"name":"Pixel Format","value":"RGBA 8bit ubyte"},{"name":"R","value":1},{"name":"G","value":0.9997711181640625},{"name":"B","value":0.9997711181640625},{"name":"A","value":0}],"portsOut":[{"name":"Next","links":[{"portIn":"render","portOut":"Next","objIn":"mg14k2bo2","objOut":"w72bk7ghw"}]},{"name":"texture_out","links":[{"portIn":"Normal Map","portOut":"texture_out","objIn":"7819r40q1","objOut":"w72bk7ghw"}]},{"name":"Aspect Ratio","value":1},{"name":"Texture Width","value":500},{"name":"Texture Height","value":500}],"objName":"Ops.Gl.ImageCompose.ImageCompose_v4"},{"id":"mg14k2bo2","uiAttribs":{},"portsIn":[{"name":"Strength","value":4},{"name":"Step Multiplier","value":0.65}],"portsOut":[{"name":"trigger","links":[{"portIn":"render","portOut":"trigger","objIn":"xm01ppbad","objOut":"mg14k2bo2"}]}],"objName":"Ops.Gl.ImageCompose.ToNormalMap_v2"},{"id":"xm01ppbad","uiAttribs":{},"portsIn":[{"name":"amount","value":1},{"name":"direction index","value":0},{"name":"direction","value":"both"},{"name":"Fast","value":true}],"objName":"Ops.Gl.ImageCompose.Blur"},{"id":"796amvlmt","uiAttribs":{},"portsIn":[{"name":"Speed","value":0.1},{"name":"Play","value":true},{"name":"Sync to timeline","value":false}],"portsOut":[{"name":"Time","links":[{"portIn":"scrollY","portOut":"Time","objIn":"pfsyqvx71","objOut":"796amvlmt"}]}],"objName":"Ops.Anim.Timer_v2"},{"id":"3l969nqg4","uiAttribs":{},"portsIn":[{"name":"Size index","value":0},{"name":"Size","value":"Manual"},{"name":"Width","value":500},{"name":"Height","value":500},{"name":"Filter index","value":1},{"name":"Filter","value":"nearest"},{"name":"Wrap index","value":1},{"name":"Wrap","value":"mirrored repeat"},{"name":"Anisotropic index","value":0},{"name":"Anisotropic","value":"0"},{"name":"Pixel Format index","value":4},{"name":"Pixel Format","value":"RGBA 8bit ubyte"},{"name":"R","value":0},{"name":"G","value":0},{"name":"B","value":0},{"name":"A","value":0}],"portsOut":[{"name":"Next","links":[{"portIn":"Render","portOut":"Next","objIn":"lt420nj6k","objOut":"3l969nqg4"}]},{"name":"texture_out","links":[{"portIn":"Diffuse Texture","portOut":"texture_out","objIn":"7819r40q1","objOut":"3l969nqg4"}]},{"name":"Aspect Ratio","value":1},{"name":"Texture Width","value":500},{"name":"Texture Height","value":500}],"objName":"Ops.Gl.ImageCompose.ImageCompose_v4"},{"id":"i3xfbjzy1","uiAttribs":{},"portsIn":[{"name":"contrast","value":0.523},{"name":"brightness","value":0.561}],"portsOut":[{"name":"trigger","links":[{"portIn":"render","portOut":"trigger","objIn":"c760o69p0","objOut":"i3xfbjzy1"}]}],"objName":"Ops.Gl.ImageCompose.BrightnessContrast"},{"id":"xtb5s5zyt","uiAttribs":{},"portsOut":[{"name":"result","value":-305.2718114893587}],"objName":"Ops.Math.Multiply"},{"id":"z9nrs78nr","uiAttribs":{},"portsIn":[{"name":"value","value":500}],"portsOut":[{"name":"result","links":[{"portIn":"number2","portOut":"result","objIn":"xtb5s5zyt","objOut":"z9nrs78nr"}]}],"objName":"Ops.Number.Number"},{"id":"7s42c7l9z","uiAttribs":{},"portsIn":[{"name":"Cast Light","value":true},{"name":"Intensity","value":2},{"name":"Radius","value":20},{"name":"X","value":-0.43},{"name":"Y","value":6.79},{"name":"Z","value":1},{"name":"Point At X","value":0},{"name":"Point At Y","value":0},{"name":"Point At Z","value":0},{"name":"R","value":0},{"name":"G","value":0},{"name":"B","value":0},{"name":"Specular R","value":0},{"name":"Specular G","value":0},{"name":"Specular B","value":0},{"name":"Cone Angle","value":120},{"name":"Inner Cone Angle","value":60},{"name":"Spot Exponent","value":2.84},{"name":"Falloff","value":0.00001},{"name":"Cast Shadow","value":false},{"name":"Rendering Active","value":true},{"name":"Map Size index","value":1},{"name":"Map Size","value":512},{"name":"Shadow Strength","value":0.99},{"name":"Near","value":0.1},{"name":"Far","value":30},{"name":"Bias","value":0.0001},{"name":"Polygon Offset","value":0},{"name":"Normal Offset","value":0},{"name":"Blur Amount","value":0},{"name":"Enable Advanced","value":false},{"name":"MSAA index","value":0},{"name":"MSAA","value":"none"},{"name":"Texture Filter index","value":0},{"name":"Texture Filter","value":"Linear"},{"name":"Anisotropic index","value":0},{"name":"Anisotropic","value":"0"}],"portsOut":[{"name":"Trigger Out","links":[{"portIn":"exe","portOut":"Trigger Out","objIn":"ha7l5iyys","objOut":"7s42c7l9z"}]},{"name":"World Position X","value":-0.453000009059906},{"name":"World Position Y","value":7.198999881744385},{"name":"World Position Z","value":0.8300000429153442}],"objName":"Ops.Gl.Phong.SpotLight_v5"},{"id":"c760o69p0","uiAttribs":{},"portsIn":[{"name":"Blend Mode index","value":0},{"name":"Blend Mode","value":"normal"},{"name":"Amount","value":0.2},{"name":"Alpha Mask index","value":0},{"name":"Alpha Mask","value":"Off"},{"name":"Mask Invert","value":false},{"name":"r","value":0.3585579346080621},{"name":"g","value":0.9841666666666666},{"name":"b","value":0.34973537445068364},{"name":"A","value":1}],"portsOut":[{"name":"trigger","links":[{"portIn":"render","portOut":"trigger","objIn":"rxg02x2wq","objOut":"c760o69p0"}]}],"objName":"Ops.Gl.ImageCompose.Color_v2"},{"id":"rxg02x2wq","uiAttribs":{},"portsIn":[{"name":"Blend Mode index","value":0},{"name":"Blend Mode","value":"normal"},{"name":"Amount","value":1},{"name":"Rotate","value":0.417},{"name":"Crop","value":false},{"name":"Clear","value":true}],"portsOut":[{"name":"trigger","links":[{"portIn":"Render","portOut":"trigger","objIn":"4ui6hhj4z","objOut":"rxg02x2wq"}]}],"objName":"Ops.Gl.ImageCompose.RotateTexture_v2"},{"id":"7819r40q1","uiAttribs":{},"portsIn":[{"name":"R","value":0.4592852348219274},{"name":"G","value":0.36941016855290587},{"name":"B","value":0.07119336409177102},{"name":"A","value":1},{"name":"Enable","value":false},{"name":"Albedo","value":0.707},{"name":"Roughness","value":0.835},{"name":"Active","value":true},{"name":"Fresnel Intensity","value":1},{"name":"Fresnel Width","value":1},{"name":"Fresnel Exponent","value":6},{"name":"Fresnel R","value":0.3937996673583984},{"name":"Fresnel G","value":0.5896451130032538},{"name":"Fresnel B","value":0.6387499999999999},{"name":"Emissive Active","value":false},{"name":"Color Intensity","value":0.3},{"name":"Emissive R","value":0.6441532263107757},{"name":"Emissive G","value":0.05774661530201941},{"name":"Emissive B","value":0.4885650683382756},{"name":"Shininess","value":100},{"name":"Specular Amount","value":0.5},{"name":"Specular Model index","value":0},{"name":"Specular Model","value":"Blinn"},{"name":"Energy Conservation","value":false},{"name":"Double Sided Material","value":false},{"name":"Falloff Mode index","value":0},{"name":"Falloff Mode","value":"A"},{"name":"Colorize Texture","value":false},{"name":"Diffuse Repeat X","value":1.94},{"name":"Diffuse Repeat Y","value":1.5},{"name":"Texture Offset X","value":-0.54},{"name":"Specular Intensity","value":1},{"name":"Normal Map Intensity","value":1},{"name":"AO Intensity","value":1},{"name":"AO UV Channel index","value":0},{"name":"AO UV Channel","value":1},{"name":"Emissive Intensity","value":1},{"name":"Emissive Mask Intensity","value":1},{"name":"Env Map Intensity","value":1},{"name":"Env Map Blend index","value":0},{"name":"Env Map Blend","value":"Add"},{"name":"Env Mask Intensity","value":1},{"name":"Alpha Mask Source index","value":0},{"name":"Alpha Mask Source","value":"Luminance"},{"name":"Discard Transparent Pixels","value":false}],"portsOut":[{"name":"Trigger Out","links":[{"portIn":"Render","portOut":"Trigger Out","objIn":"v5jag1igu","objOut":"7819r40q1"}]}],"objName":"Ops.Gl.Phong.PhongMaterial_v6"},{"id":"ufu08prne","uiAttribs":{},"portsIn":[{"name":"File","value":"assets/paste_s6ofjb9uu_image.png","display":"file"},{"name":"Filter index","value":0},{"name":"Filter","value":"mipmap"},{"name":"Wrap index","value":2},{"name":"Wrap","value":"mirrored repeat"},{"name":"Anisotropic index","value":0},{"name":"Anisotropic","value":"16"},{"name":"Data Format index","value":3},{"name":"Data Format","value":"RGBA"},{"name":"Flip","value":true},{"name":"Pre Multiplied Alpha","value":false},{"name":"Active","value":true},{"name":"Save Memory","value":true},{"name":"Add Cachebuster","value":true}],"portsOut":[{"name":"Texture","links":[{"portIn":"Base Texture","portOut":"Texture","objIn":"mh3pzfutd","objOut":"ufu08prne"}]},{"name":"Width","value":512},{"name":"Height","value":512},{"name":"Aspect Ratio","value":1},{"name":"Loaded","value":true},{"name":"Loading","value":false}],"objName":"Ops.Gl.Texture_v2"},{"id":"v5jag1igu","uiAttribs":{},"portsIn":[{"name":"data","value":""},{"name":"glb File","value":"assets/FemaleHead_glb.glb","display":"file"},{"name":"Draw","value":true},{"name":"Camera index","value":0},{"name":"Camera","value":"None"},{"name":"Animation","value":""},{"name":"Center index","value":1},{"name":"Center","value":"XYZ"},{"name":"Rescale","value":true},{"name":"Rescale Size","value":2.5},{"name":"Time","value":0},{"name":"Sync to timeline","value":false},{"name":"Loop","value":true},{"name":"Normals Format index","value":0},{"name":"Normals Format","value":"XYZ"},{"name":"Vertices Format index","value":0},{"name":"Vertices Format","value":"XYZ"},{"name":"Calc Normals index","value":0},{"name":"Calc Normals","value":"Auto"},{"name":"Hide Nodes","value":0},{"name":"Use Material Properties","value":true},{"name":"Active","value":true}],"portsOut":[{"name":"Generator","value":"Aspose.3D 24.1.0"},{"name":"GLTF Version","value":2},{"name":"Anim Length","value":0},{"name":"Anim Time","value":0},{"name":"Loading","value":false}],"objName":"Ops.Gl.GLTF.GltfScene_v4"},{"id":"lcf1l0i4a","uiAttribs":{},"portsIn":[{"name":"Speed","value":0.05},{"name":"Play","value":true},{"name":"Sync to timeline","value":false}],"portsOut":[{"name":"Time","links":[{"portIn":"Texture Offset Y","portOut":"Time","objIn":"7819r40q1","objOut":"lcf1l0i4a"}]}],"objName":"Ops.Anim.Timer_v2"},{"id":"ecabpffav","uiAttribs":{},"portsIn":[{"name":"Coordinates index","value":0},{"name":"Coordinates","value":"-1 to 1"},{"name":"Area index","value":0},{"name":"Area","value":"Document"},{"name":"flip y","value":true},{"name":"right click prevent default","value":true},{"name":"Touch support","value":true},{"name":"Active","value":true}],"portsOut":[{"name":"x","links":[{"portIn":"number1","portOut":"x","objIn":"ytv2dhqvr","objOut":"ecabpffav"},{"portIn":"number1","portOut":"x","objIn":"l6odjgr6w","objOut":"ecabpffav"}]},{"name":"y","links":[{"portIn":"number1","portOut":"y","objIn":"ve3v7lx26","objOut":"ecabpffav"}]},{"name":"Button is down","value":0},{"name":"Mouse is hovering","value":1},{"name":"Movement X","value":0},{"name":"Movement Y","value":0}],"objName":"Ops.Devices.Mouse.Mouse_v3"},{"id":"l6odjgr6w","uiAttribs":{},"portsOut":[{"name":"result","links":[{"portIn":"number1","portOut":"result","objIn":"bcy6rbblt","objOut":"l6odjgr6w"}]}],"objName":"Ops.Math.Multiply"},{"id":"bcy6rbblt","uiAttribs":{},"portsOut":[{"name":"result","links":[{"portIn":"Value","portOut":"result","objIn":"b2xd4qixh","objOut":"bcy6rbblt"}]}],"objName":"Ops.Math.Sum"},{"id":"iqtszuhoc","uiAttribs":{},"portsIn":[{"name":"value","value":1}],"portsOut":[{"name":"result","links":[{"portIn":"number2","portOut":"result","objIn":"bcy6rbblt","objOut":"iqtszuhoc"}]}],"objName":"Ops.Number.Number"},{"id":"w1vpnzftk","uiAttribs":{},"portsIn":[{"name":"value","value":1.5}],"portsOut":[{"name":"result","links":[{"portIn":"number2","portOut":"result","objIn":"l6odjgr6w","objOut":"w1vpnzftk"}]}],"objName":"Ops.Number.Number"},{"id":"b2xd4qixh","uiAttribs":{},"portsIn":[{"name":"Separate inc/dec","value":false},{"name":"Inc factor","title":"Inc/Dec factor"},{"name":"Dec factor","value":4}],"portsOut":[{"name":"Result","links":[{"portIn":"X","portOut":"Result","objIn":"01ksjc7se","objOut":"b2xd4qixh"}]}],"objName":"Ops.Anim.Smooth"},{"id":"0hms5gu3u","uiAttribs":{},"portsIn":[{"name":"Mode index","value":0},{"name":"Mode","value":"Sine"},{"name":"phase","value":0},{"name":"frequency","value":1.3},{"name":"amplitude","value":0.11}],"portsOut":[{"name":"result","links":[{"portIn":"number1","portOut":"result","objIn":"oxrxfhs3v","objOut":"0hms5gu3u"}]}],"objName":"Ops.Anim.SineAnim"},{"id":"oxrxfhs3v","uiAttribs":{},"portsOut":[{"name":"result","links":[{"portIn":"Value","portOut":"result","objIn":"4tcq7p64k","objOut":"oxrxfhs3v"}]}],"objName":"Ops.Math.Sum"},{"id":"1dx6qu8l3","uiAttribs":{},"portsIn":[{"name":"value","value":-0.042}],"portsOut":[{"name":"result","links":[{"portIn":"number2","portOut":"result","objIn":"oxrxfhs3v","objOut":"1dx6qu8l3"}]}],"objName":"Ops.Number.Number"},{"id":"4tcq7p64k","uiAttribs":{},"portsIn":[{"name":"Separate inc/dec","value":false},{"name":"Inc factor","value":4,"title":"Inc/Dec factor"},{"name":"Dec factor","value":4}],"portsOut":[{"name":"Result","links":[{"portIn":"posY","portOut":"Result","objIn":"woxxyldif","objOut":"4tcq7p64k"}]}],"objName":"Ops.Anim.Smooth"},{"id":"4ui6hhj4z","uiAttribs":{},"portsIn":[{"name":"amount","value":-10}],"portsOut":[{"name":"Trigger","links":[{"portIn":"Render","portOut":"Trigger","objIn":"iebvflqyo","objOut":"4ui6hhj4z"}]}],"objName":"Ops.Gl.ImageCompose.Clarity"},{"id":"kwhor6cvv","uiAttribs":{},"portsIn":[{"name":"amount","value":-0.03}],"objName":"Ops.Gl.ImageCompose.Clarity"},{"id":"iebvflqyo","uiAttribs":{},"portsIn":[{"name":"Blend Mode index","value":0},{"name":"Blend Mode","value":"normal"},{"name":"Amount","value":0.3},{"name":"Strength","value":4},{"name":"Width","value":0.1},{"name":"Mul Color","value":0}],"objName":"Ops.Gl.ImageCompose.EdgeDetection_v4"},{"id":"r8286nilb","uiAttribs":{},"portsIn":[{"name":"Blend Mode index","value":0},{"name":"Blend Mode","value":"normal"},{"name":"Amount","value":0.384},{"name":"Alpha Mask index","value":0},{"name":"Alpha Mask","value":"Off"},{"name":"Mask Invert","value":false},{"name":"r","value":0.002000557581583659},{"name":"g","value":0.29920647863131855},{"name":"b","value":0.4256770833333333},{"name":"A","value":1}],"portsOut":[{"name":"trigger","links":[{"portIn":"Render","portOut":"trigger","objIn":"kwhor6cvv","objOut":"r8286nilb"}]}],"objName":"Ops.Gl.ImageCompose.Color_v2"},{"id":"twsong2z9","uiAttribs":{},"portsIn":[{"name":"File","value":"assets/paste_euqmh3onn_image.png","display":"file"},{"name":"Filter index","value":0},{"name":"Filter","value":"mipmap"},{"name":"Wrap index","value":2},{"name":"Wrap","value":"repeat"},{"name":"Anisotropic index","value":0},{"name":"Anisotropic","value":"0"},{"name":"Data Format index","value":3},{"name":"Data Format","value":"RGBA"},{"name":"Flip","value":false},{"name":"Pre Multiplied Alpha","value":false},{"name":"Active","value":true},{"name":"Save Memory","value":true},{"name":"Add Cachebuster","value":true}],"portsOut":[{"name":"Texture","links":[{"portIn":"Base Texture","portOut":"Texture","objIn":"uvk4noyhm","objOut":"twsong2z9"}]},{"name":"Width","value":1520},{"name":"Height","value":760},{"name":"Aspect Ratio","value":2},{"name":"Loaded","value":true},{"name":"Loading","value":false}],"objName":"Ops.Gl.Texture_v2"},{"id":"5yre39lcm","uiAttribs":{},"portsIn":[{"name":"Blend Mode index","value":0},{"name":"Blend Mode","value":"normal"},{"name":"Amount","value":0.45},{"name":"Alpha Mask index","value":0},{"name":"Alpha Mask","value":"Off"},{"name":"Mask Invert","value":false},{"name":"r","value":0.05490196078431368},{"name":"g","value":0.7622365196078436},{"name":"b","value":0.9568627450980393},{"name":"A","value":1}],"portsOut":[{"name":"trigger","links":[{"portIn":"Render","portOut":"trigger","objIn":"vzfag2a6z","objOut":"5yre39lcm"}]}],"objName":"Ops.Gl.ImageCompose.Color_v2"},{"id":"vzfag2a6z","uiAttribs":{},"portsIn":[{"name":"amount","value":-0.31}],"objName":"Ops.Gl.ImageCompose.Clarity"},{"id":"h79yuq5hu","uiAttribs":{},"portsIn":[{"name":"File","value":"assets/paste_s6ofjb9uu_image.png","display":"file"},{"name":"Filter index","value":0},{"name":"Filter","value":"nearest"},{"name":"Wrap index","value":2},{"name":"Wrap","value":"clamp to edge"},{"name":"Anisotropic index","value":0},{"name":"Anisotropic","value":"16"},{"name":"Data Format index","value":3},{"name":"Data Format","value":"RGBA"},{"name":"Flip","value":true},{"name":"Pre Multiplied Alpha","value":false},{"name":"Active","value":true},{"name":"Save Memory","value":true},{"name":"Add Cachebuster","value":true}],"portsOut":[{"name":"Texture","links":[{"portIn":"Base Texture","portOut":"Texture","objIn":"3l969nqg4","objOut":"h79yuq5hu"}]},{"name":"Width","value":512},{"name":"Height","value":512},{"name":"Aspect Ratio","value":1},{"name":"Loaded","value":true},{"name":"Loading","value":false}],"objName":"Ops.Gl.Texture_v2"},{"id":"lt420nj6k","uiAttribs":{},"portsIn":[{"name":"Blend Mode index","value":0},{"name":"Blend Mode","value":"normal"},{"name":"Amount","value":0.071},{"name":"Strength","value":4},{"name":"Width","value":0.1},{"name":"Mul Color","value":0}],"portsOut":[{"name":"Trigger","links":[{"portIn":"render","portOut":"Trigger","objIn":"9x1k6hgt0","objOut":"lt420nj6k"}]}],"objName":"Ops.Gl.ImageCompose.EdgeDetection_v4"},{"id":"9x1k6hgt0","uiAttribs":{},"portsIn":[{"name":"Blend Mode index","value":0},{"name":"Blend Mode","value":"normal"},{"name":"Amount","value":1},{"name":"Rotate","value":0},{"name":"Crop","value":false},{"name":"Clear","value":true}],"portsOut":[{"name":"trigger","links":[{"portIn":"render","portOut":"trigger","objIn":"r8286nilb","objOut":"9x1k6hgt0"}]}],"objName":"Ops.Gl.ImageCompose.RotateTexture_v2"},{"id":"ytv2dhqvr","uiAttribs":{},"portsOut":[{"name":"result","links":[{"portIn":"number1","portOut":"result","objIn":"us1wbview","objOut":"ytv2dhqvr"}]}],"objName":"Ops.Math.Multiply"},{"id":"gc6od7sja","uiAttribs":{},"portsIn":[{"name":"value","value":0.09}],"portsOut":[{"name":"result","links":[{"portIn":"number2","portOut":"result","objIn":"ytv2dhqvr","objOut":"gc6od7sja"}]}],"objName":"Ops.Number.Number"},{"id":"us1wbview","uiAttribs":{},"portsOut":[{"name":"result","links":[{"portIn":"Value","portOut":"result","objIn":"5jvvbh7k4","objOut":"us1wbview"}]}],"objName":"Ops.Math.Sum"},{"id":"7x87xeihs","uiAttribs":{},"portsIn":[{"name":"value","value":0.105}],"portsOut":[{"name":"result","links":[{"portIn":"number2","portOut":"result","objIn":"us1wbview","objOut":"7x87xeihs"}]}],"objName":"Ops.Number.Number"},{"id":"5jvvbh7k4","uiAttribs":{},"portsIn":[{"name":"Separate inc/dec","value":false},{"name":"Inc factor","title":"Inc/Dec factor"},{"name":"Dec factor","value":4}],"portsOut":[{"name":"Result","links":[{"portIn":"posX","portOut":"Result","objIn":"crwj24535","objOut":"5jvvbh7k4"}]}],"objName":"Ops.Anim.Smooth"},{"id":"nantl6cwj","uiAttribs":{},"portsIn":[{"name":"number1","value":0}],"portsOut":[{"name":"result","links":[{"portIn":"Value","portOut":"result","objIn":"y1uqigro9","objOut":"nantl6cwj"}]}],"objName":"Ops.Math.Sum"},{"id":"wc22umukb","uiAttribs":{},"portsOut":[{"name":"result","links":[{"portIn":"number2","portOut":"result","objIn":"nantl6cwj","objOut":"wc22umukb"}]}],"objName":"Ops.Number.Number"},{"id":"y1uqigro9","uiAttribs":{},"portsIn":[{"name":"Separate inc/dec","value":false},{"name":"Inc factor","title":"Inc/Dec factor"},{"name":"Dec factor","value":4}],"portsOut":[{"name":"Result","links":[{"portIn":"posY","portOut":"Result","objIn":"crwj24535","objOut":"y1uqigro9"}]}],"objName":"Ops.Anim.Smooth"},{"id":"8kcc6gzez","uiAttribs":{},"portsIn":[{"name":"value","value":15}],"portsOut":[{"name":"result","links":[{"portIn":"Inc factor","portOut":"result","objIn":"y1uqigro9","objOut":"8kcc6gzez"},{"portIn":"Inc factor","portOut":"result","objIn":"5jvvbh7k4","objOut":"8kcc6gzez"},{"portIn":"Inc factor","portOut":"result","objIn":"b2xd4qixh","objOut":"8kcc6gzez"}]}],"objName":"Ops.Number.Number"},{"id":"ztv3u01eu","uiAttribs":{},"portsIn":[{"name":"Speed","value":0.01},{"name":"Play","value":true},{"name":"Sync to timeline","value":false}],"portsOut":[{"name":"Time","links":[{"portIn":"Offset X","portOut":"Time","objIn":"czjsakczr","objOut":"ztv3u01eu"}]}],"objName":"Ops.Anim.Timer_v2"},{"id":"ve3v7lx26","uiAttribs":{},"portsOut":[{"name":"result","links":[{"portIn":"value","portOut":"result","objIn":"wc22umukb","objOut":"ve3v7lx26"}]}],"objName":"Ops.Math.Multiply"},{"id":"6j4tm29k2","uiAttribs":{},"portsIn":[{"name":"value","value":0.001}],"portsOut":[{"name":"result","links":[{"portIn":"number2","portOut":"result","objIn":"ve3v7lx26","objOut":"6j4tm29k2"}]}],"objName":"Ops.Number.Number"},{"id":"thnefaunm","uiAttribs":{},"portsIn":[{"name":"posX","value":0.02},{"name":"posY","value":-0.27},{"name":"posZ","value":-0.27},{"name":"scale","value":1.1},{"name":"rotX","value":0},{"name":"rotY","value":0},{"name":"rotZ","value":0}],"portsOut":[{"name":"trigger","links":[{"portIn":"Trigger In","portOut":"trigger","objIn":"7s42c7l9z","objOut":"thnefaunm"}]}],"objName":"Ops.Gl.Matrix.Transform"},{"id":"meiryg6t8","uiAttribs":{},"portsIn":[{"name":"Coordinates index","value":0},{"name":"Coordinates","value":"-1 to 1"},{"name":"Area index","value":0},{"name":"Area","value":"Document"},{"name":"flip y","value":true},{"name":"right click prevent default","value":true},{"name":"Touch support","value":true},{"name":"Active","value":true}],"portsOut":[{"name":"x","links":[{"portIn":"number1","portOut":"x","objIn":"fb7ss2ysw","objOut":"meiryg6t8"}]},{"name":"y","value":0.46327683615819204},{"name":"Button is down","value":0},{"name":"Mouse is hovering","value":1},{"name":"Movement X","value":0},{"name":"Movement Y","value":0}],"objName":"Ops.Devices.Mouse.Mouse_v3"},{"id":"t2ah0tzqk","uiAttribs":{},"portsIn":[{"name":"Separate inc/dec","value":false},{"name":"Inc factor","value":15,"title":"Inc/Dec factor"},{"name":"Dec factor","value":4}],"portsOut":[{"name":"Result","links":[{"portIn":"posX","portOut":"Result","objIn":"woxxyldif","objOut":"t2ah0tzqk"}]}],"objName":"Ops.Anim.Smooth"},{"id":"fb7ss2ysw","uiAttribs":{},"portsOut":[{"name":"result","links":[{"portIn":"number1","portOut":"result","objIn":"aqal59iiw","objOut":"fb7ss2ysw"}]}],"objName":"Ops.Math.Multiply"},{"id":"vjxm9wr2p","uiAttribs":{},"portsIn":[{"name":"value","value":-0.09}],"portsOut":[{"name":"result","links":[{"portIn":"number2","portOut":"result","objIn":"fb7ss2ysw","objOut":"vjxm9wr2p"}]}],"objName":"Ops.Number.Number"},{"id":"aqal59iiw","uiAttribs":{},"portsOut":[{"name":"result","links":[{"portIn":"Value","portOut":"result","objIn":"t2ah0tzqk","objOut":"aqal59iiw"}]}],"objName":"Ops.Math.Sum"},{"id":"9x0fc9ud8","uiAttribs":{},"portsIn":[{"name":"value","value":0.042626835732041665}],"portsOut":[{"name":"result","links":[{"portIn":"number2","portOut":"result","objIn":"aqal59iiw","objOut":"9x0fc9ud8"}]}],"objName":"Ops.Number.Number"}],"_id":"65cdf80331f9f31bb7d80090","export":{"time":"2024-02-18 14:25:38","service":"download","exportNumber":3}}